date,부산_기온,부산_강수량,부산_풍속,부산_최대풍속,부산_습도,울산_기온,울산_강수량,울산_풍속,울산_최대풍속,울산_습도,인천_기온,인천_강수량,인천_풍속,인천_최대풍속,인천_습도,광양_기온,광양_강수량,광양_풍속,광양_최대풍속,광양_습도,부산_기상이벤트,울산_기상이벤트,인천_기상이벤트,광양_기상이벤트
2024-06-20,22.9,0.2,2.5,4.7,78.0,23.0,0.0,1.5,3.7,66.9,26.0,0.0,1.8,3.7,56.1,21.9,0.7,3.3,6.8,84.8,0,0,0,0
2024-06-21,24.0,0.0,2.9,5.9,78.6,23.8,0.0,1.4,2.9,73.1,24.9,0.0,2.0,5.2,67.3,23.6,0.7,2.7,7.3,78.9,0,0,0,0
2024-06-22,23.1,42.0,4.0,11.7,92.3,22.8,33.7,1.0,3.5,91.4,23.6,23.1,1.9,3.7,84.5,22.9,39.6,4.7,10.4,95.5,0,0,0,0
2024-06-23,24.1,0.1,4.1,7.1,84.6,24.3,0.0,0.9,2.5,83.9,23.9,1.1,2.5,4.8,83.6,24.1,0.5,4.7,9.0,86.5,0,0,0,0
2024-06-24,23.4,0.1,4.2,7.5,84.4,25.6,0.0,2.5,6.8,72.3,22.5,0.1,3.1,6.6,79.9,23.5,0.5,4.2,7.5,88.0,0,0,0,0
2024-06-25,23.2,0.1,2.8,5.3,62.5,23.9,0.0,1.9,3.9,54.4,22.3,0.1,3.1,6.2,67.3,22.8,0.5,3.5,6.6,65.5,0,0,0,0
2024-06-26,23.5,0.1,2.0,3.7,58.0,22.8,0.0,1.5,3.3,58.5,23.8,0.1,2.0,4.8,65.4,23.0,0.5,1.8,4.8,63.1,0,0,0,0
2024-06-27,21.8,1.5,1.6,3.4,71.0,21.3,0.0,1.0,2.4,70.0,24.3,0.1,1.9,4.1,66.9,19.9,2.4,3.0,7.8,81.6,0,0,0,0
2024-06-28,23.5,1.4,2.9,6.7,79.8,23.1,0.0,1.4,3.7,74.4,24.8,0.1,2.1,4.4,58.8,22.9,0.1,2.6,5.3,80.9,0,0,0,0
2024-06-29,23.1,68.9,4.7,15.8,89.4,23.5,35.9,2.1,5.3,85.0,25.8,57.7,2.3,6.8,69.9,22.6,47.3,3.8,14.1,94.1,1,0,1,1
2024-06-30,23.5,15.6,8.5,15.3,92.4,25.5,10.7,3.6,7.3,84.3,22.7,5.4,4.6,8.3,92.3,23.2,34.6,6.6,12.2,96.9,1,0,0,0
2024-07-01,24.2,0.1,3.4,5.4,85.5,26.0,10.7,1.4,3.5,77.0,24.5,5.4,2.0,4.4,78.5,24.2,5.8,3.7,6.8,90.6,0,0,0,0
2024-07-02,23.6,34.8,4.3,10.4,96.1,23.2,48.5,1.1,4.0,91.5,23.3,57.8,3.0,6.6,91.5,24.2,50.9,5.3,9.1,95.9,0,0,1,1
2024-07-03,25.2,0.6,7.5,13.6,87.6,27.6,0.2,4.0,7.7,75.8,23.5,0.2,3.7,6.5,89.8,24.7,1.2,5.4,10.1,92.8,0,0,0,0
2024-07-04,25.8,0.0,5.4,8.5,83.0,27.8,0.2,1.9,5.2,67.5,25.1,1.6,3.3,8.0,84.3,25.0,0.0,3.3,5.7,90.8,0,0,0,0
2024-07-05,24.6,3.2,4.6,9.4,86.6,28.5,0.0,3.1,7.1,68.5,22.4,0.1,3.8,9.5,85.1,25.7,4.1,4.6,8.0,88.9,0,0,0,0
2024-07-06,24.9,3.2,5.9,10.7,89.0,27.1,0.0,3.2,9.3,72.6,24.4,2.7,4.0,8.7,88.0,26.0,4.1,4.2,8.0,87.3,0,0,0,0
2024-07-07,25.8,3.2,5.4,7.7,86.0,28.3,0.0,4.1,7.1,73.0,23.6,12.8,2.3,4.9,88.6,25.7,4.1,6.3,9.2,91.6,0,0,0,0
2024-07-08,25.1,0.0,5.4,11.1,91.0,26.6,1.6,2.8,5.3,81.0,23.2,14.6,2.2,4.7,96.6,25.4,0.0,4.5,8.9,93.1,0,0,0,0
2024-07-09,25.2,1.4,4.0,8.4,91.1,24.5,61.3,1.4,4.3,91.4,23.2,0.5,1.8,4.6,94.3,25.3,0.5,3.8,8.4,93.5,0,1,0,0
2024-07-10,23.5,32.5,5.9,14.9,91.0,23.0,18.0,1.7,6.0,92.5,26.0,0.6,2.4,4.4,79.5,24.3,26.1,6.8,12.6,93.3,1,0,0,0
2024-07-11,22.7,0.0,1.9,4.2,88.4,22.8,18.0,0.9,2.7,87.0,23.2,0.0,2.2,4.0,87.9,22.9,26.1,1.7,4.9,92.0,0,0,0,0
2024-07-12,24.1,0.0,3.1,7.1,85.0,24.7,18.0,1.1,3.4,80.5,24.3,0.0,1.7,3.8,85.4,24.2,26.1,2.1,6.3,86.9,0,0,0,0
2024-07-13,24.5,0.5,1.9,3.8,82.5,24.2,0.0,1.3,3.6,81.4,26.1,8.1,1.8,4.1,82.3,23.6,0.8,1.8,3.3,89.1,0,0,0,0
2024-07-14,22.8,54.9,2.0,5.0,94.3,22.8,58.4,1.0,3.3,92.9,27.7,0.0,2.0,4.1,72.1,23.2,65.0,2.6,7.1,96.9,1,1,0,1
2024-07-15,23.9,4.5,2.2,4.0,89.4,23.2,0.0,1.6,2.9,88.8,27.7,0.0,2.1,3.5,70.6,23.8,1.9,3.0,5.8,92.5,0,0,0,0
2024-07-16,23.3,43.7,2.2,9.0,95.0,24.1,8.5,0.8,2.7,89.9,26.1,5.2,2.6,5.8,84.3,23.1,123.5,2.2,5.9,98.0,0,0,0,1
2024-07-17,25.6,43.7,5.1,8.7,91.5,26.0,0.0,2.1,5.0,83.0,24.8,52.7,4.3,7.2,95.0,25.5,123.5,3.1,7.9,96.1,0,0,1,1
2024-07-18,25.5,1.1,7.2,12.5,92.8,27.0,0.0,3.2,7.1,80.3,23.8,124.9,3.2,11.3,98.0,25.9,1.2,6.5,9.4,94.8,0,0,1,0
2024-07-19,25.2,6.5,4.1,6.8,86.3,26.0,4.0,2.2,5.1,81.9,25.2,0.3,2.4,4.2,93.8,24.6,25.7,3.0,6.2,92.9,0,0,0,0
2024-07-20,27.2,6.5,5.3,10.3,82.9,27.6,8.7,2.9,7.6,76.6,26.1,5.0,3.7,8.8,87.9,26.5,25.7,2.7,7.6,90.0,0,0,0,0
2024-07-21,28.2,0.1,5.1,8.2,78.8,29.4,0.0,3.4,5.8,67.6,25.6,2.1,4.4,12.3,89.8,26.8,13.6,3.9,7.6,87.6,0,0,0,0
2024-07-22,28.0,0.1,5.3,9.9,84.6,29.4,0.0,3.2,6.5,69.4,26.1,45.0,4.7,10.2,94.6,27.6,0.0,3.7,8.0,90.5,0,0,0,0
2024-07-23,28.3,0.7,5.8,9.4,83.8,29.2,0.0,3.8,6.6,70.1,25.3,0.8,3.6,9.3,95.5,27.7,0.1,3.8,6.3,91.4,0,0,0,0
2024-07-24,24.8,176.3,4.0,11.4,92.1,28.1,0.0,2.7,6.8,73.8,26.7,1.9,2.7,5.1,94.3,27.8,2.9,2.2,6.0,90.6,1,0,0,0
2024-07-25,28.2,1.5,2.6,5.6,84.6,28.3,0.0,1.4,4.0,77.3,28.6,2.0,2.1,3.9,84.0,27.6,1.5,2.3,4.2,89.1,0,0,0,0
2024-07-26,28.8,0.0,2.6,6.2,80.4,28.6,0.0,2.1,5.4,76.5,28.8,4.0,2.8,6.8,81.8,26.4,19.0,3.3,6.0,91.6,0,0,0,0
2024-07-27,28.8,0.0,5.1,7.7,84.4,29.8,0.0,3.7,7.2,71.1,29.3,0.0,3.6,5.7,80.6,27.4,31.7,3.2,9.3,90.4,0,0,0,0
2024-07-28,29.2,0.0,5.4,7.5,79.9,29.8,0.0,3.3,5.9,67.4,28.9,0.0,4.4,7.4,79.3,28.2,31.7,3.3,6.6,88.1,0,0,0,0
2024-07-29,29.1,0.0,5.7,9.3,76.6,30.6,0.0,2.2,4.9,62.4,26.5,0.0,4.0,5.9,91.4,28.5,31.7,4.0,7.2,83.3,0,0,0,0
2024-07-30,29.4,0.0,3.9,6.1,73.5,30.2,0.0,2.1,4.5,65.4,27.0,0.0,2.7,4.6,89.5,29.2,31.7,4.2,6.7,75.4,0,0,0,0
2024-07-31,29.7,0.0,3.9,6.6,73.3,30.4,0.0,1.5,2.8,66.9,28.3,0.0,2.8,4.5,82.6,28.8,31.7,4.1,7.7,80.4,0,0,0,0
2024-08-01,29.6,0.0,4.6,7.3,77.8,30.7,0.0,1.7,3.8,67.8,28.7,0.0,2.7,4.6,84.6,28.7,31.7,2.3,5.6,86.0,0,0,0,0
2024-08-02,29.9,0.0,4.6,7.0,78.6,30.9,0.0,1.4,3.1,68.6,28.4,0.0,2.8,5.0,88.4,29.1,31.7,2.9,6.1,84.8,0,0,0,0
2024-08-03,30.5,0.0,2.5,5.5,76.4,30.9,0.0,1.6,3.4,69.5,28.7,0.0,1.5,3.6,80.5,30.3,31.7,3.0,6.3,80.4,0,0,0,0
2024-08-04,30.2,0.0,2.2,3.8,76.4,29.0,0.0,1.6,4.8,76.4,30.0,0.0,1.5,4.5,75.3,29.5,31.7,1.6,3.9,85.9,0,0,0,0
2024-08-05,29.7,0.0,2.4,4.7,74.5,28.7,0.0,1.5,3.7,73.0,29.9,0.5,2.0,4.1,78.0,28.8,31.7,2.4,6.1,79.1,0,0,0,0
2024-08-06,29.4,0.3,2.4,4.4,76.4,28.4,0.0,1.5,3.0,75.4,28.9,0.5,1.8,4.0,80.3,28.6,31.7,2.2,6.2,77.8,0,0,0,0
2024-08-07,29.4,1.2,2.6,5.3,78.5,28.4,3.7,1.3,3.4,77.3,28.8,4.4,1.5,3.7,80.9,28.7,31.7,1.9,4.4,80.9,0,0,0,0
2024-08-08,29.6,9.7,2.5,6.2,74.1,27.3,12.3,1.4,4.9,81.0,27.4,2.0,1.7,3.9,86.1,29.4,31.7,2.1,5.3,79.1,0,0,0,0
2024-08-09,29.6,9.7,2.3,5.0,74.9,28.0,12.3,2.0,4.7,75.5,28.2,2.0,1.5,4.0,82.0,29.2,31.7,1.6,3.9,73.8,0,0,0,0
2024-08-10,29.4,9.7,2.5,4.2,73.4,27.5,12.3,1.9,5.1,76.8,29.0,2.0,1.4,4.1,76.0,28.6,31.7,1.9,4.0,78.1,0,0,0,0
2024-08-11,28.7,9.7,2.7,5.5,72.5,27.2,12.3,1.9,4.3,74.8,30.0,2.0,2.2,4.4,73.1,28.6,31.7,2.1,4.0,73.8,0,0,0,0
2024-08-12,28.7,9.7,3.0,4.1,69.9,26.7,12.3,2.1,5.1,76.0,30.2,2.0,1.9,3.9,74.4,28.5,31.7,2.1,4.3,74.9,0,0,0,0
2024-08-13,28.7,9.7,3.0,4.4,70.5,27.0,12.3,2.3,6.0,72.8,30.6,2.0,1.7,3.9,76.0,28.5,31.7,2.7,4.9,73.6,0,0,0,0
2024-08-14,29.3,9.7,3.0,4.9,70.5,27.0,0.0,2.1,4.4,78.0,29.5,9.1,2.2,4.5,79.9,28.9,31.7,2.6,5.4,73.9,0,0,0,0
2024-08-15,29.5,9.7,2.8,4.2,70.9,27.2,0.0,2.2,5.6,77.5,29.7,2.7,1.7,4.5,76.0,29.5,31.7,3.0,5.6,74.1,0,0,0,0
2024-08-16,29.6,9.7,2.8,4.5,68.0,27.5,0.0,2.5,5.5,74.4,29.7,0.0,2.0,4.4,72.8,29.2,31.7,2.9,6.0,72.5,0,0,0,0
2024-08-17,29.3,9.7,2.7,4.3,71.5,27.7,0.0,2.1,4.7,74.6,29.5,0.0,1.9,3.8,76.8,29.2,31.7,2.4,5.4,74.0,0,0,0,0
2024-08-18,29.1,9.7,2.8,4.3,69.5,27.6,0.0,2.0,4.3,72.5,29.3,0.0,1.8,4.3,77.0,28.9,31.7,3.0,5.3,74.0,0,0,0,0
2024-08-19,29.6,0.0,2.5,5.3,76.5,28.7,0.0,1.5,3.3,74.9,29.9,0.0,1.9,4.5,77.1,29.3,0.0,3.7,6.1,76.5,0,0,0,0
2024-08-20,28.1,49.5,5.4,10.8,84.4,28.8,51.4,2.7,6.7,81.1,31.4,0.0,2.1,4.4,70.9,28.4,18.9,3.7,10.1,87.4,0,1,0,0
2024-08-21,28.3,13.4,5.5,9.7,87.8,28.3,2.6,2.9,5.6,81.3,27.8,66.3,4.8,9.7,90.8,29.2,10.5,4.6,8.4,85.9,0,0,1,0
2024-08-22,29.1,7.8,6.5,11.0,83.9,29.2,0.4,2.8,6.9,77.0,27.9,0.6,5.0,8.3,86.1,28.7,5.9,5.6,12.4,87.4,0,0,0,0
2024-08-23,29.3,0.0,3.7,6.6,76.0,29.5,0.4,1.6,3.0,67.3,27.4,0.4,2.8,7.3,83.9,28.5,5.9,3.2,5.9,80.4,0,0,0,0
2024-08-24,29.5,0.0,3.4,6.0,74.5,28.8,0.4,1.4,3.1,71.5,27.9,0.4,1.9,3.6,80.4,29.1,5.9,2.1,4.4,75.4,0,0,0,0
2024-08-25,29.1,0.0,2.2,4.6,76.0,28.0,0.4,1.4,4.1,76.5,28.6,0.0,1.5,3.3,79.6,28.9,5.9,1.7,4.0,78.3,0,0,0,0
2024-08-26,29.1,0.0,2.1,4.4,78.0,27.4,0.0,1.3,2.7,81.8,28.1,0.0,1.6,3.4,83.5,29.0,5.9,1.8,3.8,78.5,0,0,0,0
2024-08-27,28.2,0.0,3.1,6.0,75.0,25.4,6.5,2.2,5.0,84.9,26.9,0.2,2.5,5.3,67.4,28.5,0.0,3.8,9.0,80.0,0,0,0,0
2024-08-28,26.9,1.1,3.8,5.7,79.1,25.3,2.8,3.7,5.4,84.4,28.7,0.2,2.3,4.0,60.3,27.8,0.0,8.5,12.6,70.1,0,0,0,0
2024-08-29,28.5,3.0,4.6,7.4,75.1,27.2,7.8,4.6,7.3,79.5,28.8,0.2,2.9,4.7,60.6,29.4,0.0,8.9,12.9,62.5,0,0,0,0
2024-08-30,29.1,0.5,3.6,7.2,68.4,27.0,1.6,3.9,8.2,73.0,27.6,0.2,2.6,4.2,69.1,30.5,0.0,4.6,9.5,59.8,0,0,0,0
2024-08-31,27.7,0.5,2.9,5.1,68.1,25.5,1.6,2.3,5.3,74.0,26.7,0.2,2.3,4.5,73.1,27.9,0.0,3.4,8.1,67.4,0,0,0,0
2024-09-01,27.6,0.5,2.8,5.0,71.0,25.7,1.6,1.5,3.3,75.8,26.0,0.2,2.2,4.2,73.3,27.6,0.0,3.2,5.5,73.3,0,0,0,0
2024-09-02,27.3,0.5,2.4,5.5,75.9,26.0,0.0,1.9,4.4,75.8,24.6,3.9,2.1,4.4,78.0,27.6,0.0,2.4,4.8,73.1,0,0,0,0
2024-09-03,25.6,0.0,3.2,5.0,71.1,23.8,9.0,2.8,4.5,75.5,27.2,3.9,2.6,4.9,58.6,26.7,0.0,4.5,7.0,71.5,0,0,0,0
2024-09-04,26.2,0.0,3.1,4.1,67.1,23.9,9.0,2.2,4.4,74.4,27.3,3.9,2.2,4.5,64.8,26.2,0.0,3.6,6.1,66.1,0,0,0,0
2024-09-05,27.5,0.0,2.9,6.6,67.8,26.6,9.0,1.9,4.8,64.3,25.9,4.5,3.1,6.3,85.6,27.1,0.0,2.8,5.3,75.5,0,0,0,0
2024-09-06,27.9,0.0,2.6,4.4,74.0,25.1,0.1,1.9,3.5,81.3,24.6,0.1,2.4,5.4,82.0,28.1,0.0,2.5,4.3,79.9,0,0,0,0
2024-09-07,27.8,0.0,2.7,5.7,76.8,25.6,0.3,1.3,2.4,85.1,26.0,0.1,1.8,3.7,76.9,27.7,0.0,2.5,5.2,82.3,0,0,0,0
2024-09-08,28.7,0.0,2.4,4.9,76.4,26.1,0.0,1.8,3.9,83.9,26.1,0.1,1.6,3.9,77.4,28.6,0.0,1.4,3.2,77.3,0,0,0,0
2024-09-09,28.5,0.0,2.9,4.4,73.0,26.6,0.0,2.0,5.1,78.9,27.8,0.1,1.8,4.0,74.1,28.7,0.0,3.4,5.6,74.4,0,0,0,0
2024-09-10,29.4,0.0,2.5,4.0,69.9,27.9,0.0,1.4,3.2,72.9,28.6,0.1,1.9,4.2,72.0,28.7,0.0,4.1,7.6,74.1,0,0,0,0
2024-09-11,28.5,15.1,1.8,4.2,82.3,27.2,11.6,1.3,2.7,82.5,28.6,3.9,1.9,4.7,77.1,28.0,2.3,2.8,7.3,84.4,0,0,0,0
2024-09-12,29.0,15.1,2.0,5.5,78.8,26.4,0.0,1.5,4.4,86.5,26.3,16.8,1.1,2.9,92.9,28.7,2.3,2.4,3.8,83.4,0,0,0,0
2024-09-13,29.3,15.1,1.8,5.2,77.5,28.1,0.0,1.4,3.0,80.3,26.0,10.6,2.9,6.1,93.9,29.3,2.3,2.3,3.8,78.9,0,0,0,0
2024-09-14,29.5,15.1,1.7,5.2,75.0,28.0,0.0,1.7,3.3,77.0,26.8,10.6,2.0,3.7,86.5,29.4,2.3,2.4,5.2,76.4,0,0,0,0
2024-09-15,28.8,0.0,3.0,5.9,76.8,25.7,5.9,2.5,4.5,86.8,27.7,10.6,2.2,5.3,77.3,29.8,2.3,4.6,6.8,74.1,0,0,0,0
2024-09-16,27.7,0.3,2.9,4.9,80.4,24.1,18.2,2.4,4.1,91.5,26.9,12.1,2.4,4.7,75.8,28.8,2.3,5.7,9.6,75.4,0,0,0,0
2024-09-17,29.7,0.3,2.2,5.1,79.3,27.8,18.2,1.1,3.5,81.9,28.1,12.1,1.9,4.2,81.6,29.9,2.3,2.4,4.5,77.5,0,0,0,0
2024-09-18,29.9,0.3,2.1,5.4,72.6,28.0,18.2,1.3,2.7,78.3,28.9,12.1,1.7,2.9,82.1,29.6,2.3,2.4,5.9,78.3,0,0,0,0
2024-09-19,30.1,0.3,1.7,4.2,74.3,28.0,18.2,1.2,3.1,78.4,28.5,12.1,1.7,3.5,80.4,29.8,2.3,3.1,6.5,72.8,0,0,0,0
2024-09-20,27.8,24.9,3.9,9.3,86.0,26.4,26.1,1.8,4.6,87.6,24.8,56.9,3.1,7.0,94.5,27.4,37.1,4.7,12.5,89.8,0,0,1,0
2024-09-21,22.4,378.5,4.1,10.6,93.4,20.9,158.4,2.2,5.9,94.6,19.2,13.7,4.5,8.1,83.1,26.0,143.5,7.6,16.2,90.1,1,1,0,1
2024-09-22,21.6,0.8,3.2,5.4,83.1,20.4,1.4,2.9,5.0,88.5,20.9,13.7,3.2,5.2,69.3,22.7,1.4,5.3,8.4,81.0,0,0,0,0
2024-09-23,21.3,0.8,4.1,6.4,62.0,19.7,0.0,3.5,5.8,63.8,21.2,13.7,2.4,4.0,57.8,21.9,1.4,6.2,9.0,63.3,0,0,0,0
2024-09-24,22.4,0.8,3.6,6.2,69.8,19.9,0.3,2.5,5.0,76.8,21.8,13.7,1.9,3.8,56.5,22.4,1.4,5.3,8.6,65.0,0,0,0,0
2024-09-25,24.0,0.0,3.1,4.5,68.4,22.1,0.3,1.9,4.7,75.6,23.6,0.0,1.8,3.9,65.8,24.3,1.4,4.1,7.1,71.8,0,0,0,0
2024-09-26,25.4,0.0,2.6,4.3,70.5,22.8,0.3,1.2,2.6,77.3,23.8,0.4,1.8,4.5,75.3,25.0,1.4,2.6,4.9,71.6,0,0,0,0
2024-09-27,25.2,0.0,2.7,4.1,75.0,23.0,0.3,1.9,4.3,82.4,22.8,0.4,2.4,4.6,73.9,25.2,1.4,2.3,5.8,75.0,0,0,0,0
2024-09-28,24.3,0.2,3.4,5.3,74.3,21.6,5.7,2.8,4.6,85.1,23.4,0.4,2.8,4.5,61.1,24.8,1.4,5.7,8.5,69.5,0,0,0,0
2024-09-29,23.2,0.0,3.5,5.6,64.6,21.5,5.7,2.7,4.9,72.8,24.1,0.4,2.2,3.6,62.9,23.9,1.4,6.1,8.3,63.8,0,0,0,0
2024-09-30,24.0,0.0,2.6,5.5,72.3,21.3,5.7,1.8,4.0,77.3,23.4,0.4,2.0,4.8,63.1,23.5,1.4,3.4,8.0,67.6,0,0,0,0
2024-10-01,23.7,0.0,3.4,6.1,65.4,22.1,0.0,1.8,4.1,66.6,18.5,2.2,3.6,6.1,68.8,22.8,0.0,3.8,10.8,66.4,0,0,0,0
2024-10-02,19.3,0.0,4.0,7.9,42.1,17.3,0.0,3.3,5.7,48.1,15.2,2.2,3.2,5.3,46.1,19.2,0.0,4.7,8.3,39.3,0,0,0,0
2024-10-03,17.7,12.2,4.2,6.9,76.5,16.1,14.2,3.6,5.3,84.0,16.5,2.2,2.1,3.9,58.5,18.0,10.2,6.8,11.6,64.4,0,0,0,0
2024-10-04,19.0,0.3,3.1,4.5,69.5,17.3,0.2,2.3,4.4,72.5,17.8,2.2,2.1,3.9,60.8,18.9,10.2,3.8,8.3,66.4,0,0,0,0
2024-10-05,21.1,0.0,3.3,4.8,62.6,18.6,0.2,2.4,4.2,70.6,18.1,2.2,2.0,3.4,58.0,20.4,10.2,4.3,7.0,63.8,0,0,0,0
2024-10-06,19.6,4.0,2.7,4.0,79.5,18.4,2.9,1.7,3.4,82.0,15.8,0.1,1.5,2.9,73.5,19.2,3.8,3.1,7.6,72.8,0,0,0,0
2024-10-07,17.3,5.0,2.8,5.1,86.4,16.1,7.1,1.9,3.6,89.3,17.6,0.1,1.5,3.4,73.5,17.6,0.9,2.4,7.9,75.1,0,0,0,0
2024-10-08,19.5,0.1,2.2,4.9,74.5,18.0,1.5,2.3,4.5,79.8,18.2,0.1,2.2,3.9,73.6,20.0,0.9,2.5,5.9,65.5,0,0,0,0
2024-10-09,19.3,0.1,3.6,5.5,66.4,17.6,0.0,2.7,5.1,71.8,19.4,0.1,1.8,6.2,62.4,20.1,0.9,4.7,7.1,64.1,0,0,0,0
2024-10-10,19.8,0.0,2.7,4.4,63.9,17.3,0.0,1.9,4.1,73.4,19.3,0.0,2.2,3.7,67.0,19.8,0.7,3.3,7.1,64.1,0,0,0,0
2024-10-11,20.8,0.0,1.6,4.4,66.4,17.9,0.0,1.2,3.0,75.4,18.9,0.0,1.9,3.9,70.3,20.3,0.7,1.8,5.7,68.3,0,0,0,0
2024-10-12,21.1,0.0,1.8,4.9,65.4,18.4,0.0,1.3,3.3,74.1,18.4,0.0,1.8,3.3,64.4,20.5,0.7,1.9,5.4,69.9,0,0,0,0
2024-10-13,21.5,0.0,2.8,5.0,67.9,19.4,0.0,2.1,4.3,74.5,19.2,0.0,1.6,2.8,64.6,20.6,0.7,4.6,6.7,69.3,0,0,0,0
2024-10-14,21.8,33.2,2.2,5.0,81.0,20.1,25.1,1.4,2.6,86.8,19.8,0.0,2.2,3.4,66.6,20.4,25.4,5.7,9.1,81.3,0,0,0,0
2024-10-15,21.8,18.6,3.0,7.1,92.4,21.1,12.3,1.4,3.1,88.4,19.5,0.5,1.6,2.8,86.5,21.8,0.0,2.1,7.4,87.4,0,0,0,0
2024-10-16,21.9,18.6,2.8,4.5,71.3,20.5,12.3,2.2,3.8,76.1,17.5,0.5,1.9,3.3,81.8,21.8,0.0,2.9,5.5,75.6,0,0,0,0
2024-10-17,21.0,18.6,3.0,4.4,74.1,19.3,12.3,1.9,4.1,78.3,19.4,0.5,1.7,2.8,70.9,20.6,0.0,4.7,7.8,75.4,0,0,0,0
2024-10-18,22.9,22.1,4.3,12.6,85.8,21.3,36.0,1.5,4.3,89.0,17.3,67.4,2.5,4.6,86.1,22.5,14.0,5.6,12.8,86.4,0,0,1,0
2024-10-19,20.1,1.5,4.1,7.6,81.3,17.2,2.1,3.1,6.2,88.6,16.5,0.3,4.0,6.6,75.5,21.3,1.3,6.1,11.6,78.1,0,0,0,0
2024-10-20,15.7,0.0,4.7,6.3,60.1,15.0,0.1,3.6,5.9,58.1,13.9,0.3,3.4,6.1,52.6,15.4,1.3,8.9,12.3,60.5,0,0,0,0
2024-10-21,19.8,0.4,2.8,5.0,73.3,18.0,2.9,1.8,4.5,76.8,14.9,0.3,1.9,4.5,65.1,17.8,3.5,6.1,9.9,71.8,0,0,0,0
2024-10-22,20.2,105.7,3.2,7.5,94.4,19.1,58.3,1.7,4.5,96.3,16.0,11.0,2.4,8.8,88.5,19.6,113.9,5.4,11.1,92.0,1,1,0,1
2024-10-23,18.0,105.7,4.4,8.7,58.5,17.5,58.3,2.5,5.1,58.6,12.7,0.2,4.3,8.4,71.4,16.4,113.9,7.6,12.0,62.1,1,1,0,1
2024-10-24,16.3,105.7,2.7,7.1,64.8,14.8,58.3,2.5,4.8,65.4,13.1,0.2,2.2,5.0,69.4,15.3,113.9,3.6,8.0,55.3,1,1,0,1
2024-10-25,19.0,105.7,3.7,5.5,69.8,16.8,58.3,1.9,4.1,75.8,15.5,0.2,1.9,3.1,67.0,17.9,113.9,6.3,8.8,68.1,1,1,0,1
2024-10-26,19.4,105.7,3.1,5.2,66.4,17.9,58.3,2.0,5.5,71.5,18.1,0.2,1.8,3.2,66.6,19.1,113.9,4.4,6.8,70.9,1,1,0,1
2024-10-27,17.4,5.4,2.2,5.7,76.3,16.0,1.8,1.5,3.6,81.5,16.3,0.0,1.9,3.3,78.4,17.3,2.6,2.6,6.5,76.3,0,0,0,0
2024-10-28,17.0,0.3,3.2,6.9,75.6,15.3,9.8,2.6,4.5,80.5,15.7,0.0,1.5,3.3,77.5,17.0,0.0,4.4,8.9,73.5,0,0,0,0
2024-10-29,17.3,0.3,3.3,5.0,67.8,15.2,9.8,2.4,4.3,72.3,15.3,0.1,1.8,3.6,66.5,17.4,0.0,5.0,9.2,64.4,0,0,0,0
2024-10-30,17.9,0.3,2.4,5.1,64.5,15.5,9.8,1.9,5.0,71.3,15.2,0.1,1.9,3.6,75.9,17.7,0.0,2.5,5.5,67.1,0,0,0,0
2024-10-31,18.5,0.3,2.9,4.3,65.8,16.1,9.8,1.8,3.4,76.3,16.3,0.1,1.6,3.4,71.4,18.2,0.0,5.1,8.8,67.9,0,0,0,0
2024-11-01,15.5,42.3,2.8,5.9,88.8,14.6,26.8,1.3,3.4,92.3,16.0,0.1,1.6,3.0,69.9,15.4,61.3,5.3,11.0,91.1,0,0,0,1
2024-11-02,17.8,27.2,4.0,7.0,79.1,17.0,22.7,3.5,7.0,80.1,17.9,0.1,2.7,4.6,62.6,18.4,15.0,5.9,10.8,74.3,0,0,0,0
2024-11-03,17.7,27.2,2.7,4.7,63.9,15.8,22.7,2.0,4.9,71.9,18.2,0.1,2.5,4.2,74.4,17.5,15.0,2.9,6.1,70.8,0,0,0,0
2024-11-04,18.0,27.2,2.9,6.0,67.0,15.6,22.7,1.6,4.6,69.3,14.8,0.1,3.5,5.7,63.3,16.6,15.0,3.6,9.4,68.8,0,0,0,0
2024-11-05,14.7,27.2,2.7,6.8,57.8,12.9,22.7,2.4,4.8,58.9,9.3,0.1,3.6,7.2,46.6,13.1,15.0,6.6,12.2,51.6,0,0,0,0
2024-11-06,11.8,27.2,3.4,8.4,30.5,9.4,22.7,2.9,5.7,37.3,7.8,0.1,3.1,5.7,44.5,11.9,15.0,5.1,9.0,39.6,0,0,0,0
2024-11-07,15.0,0.0,2.1,4.1,57.6,12.0,22.7,1.8,3.2,62.8,8.1,0.1,2.1,3.3,45.3,13.6,15.0,3.5,6.8,53.5,0,0,0,0
2024-11-08,16.0,0.0,2.1,3.6,65.4,13.2,22.7,1.5,3.7,79.1,10.2,0.1,2.2,3.2,49.3,15.3,15.0,3.5,7.0,69.6,0,0,0,0
2024-11-09,17.0,0.0,2.8,4.2,61.6,14.2,22.7,1.9,3.5,76.9,12.9,0.1,1.9,2.8,56.6,16.2,15.0,4.0,6.6,68.1,0,0,0,0
2024-11-10,16.8,0.0,2.3,3.6,68.0,14.7,22.7,1.2,2.9,80.6,14.6,0.1,1.7,2.8,68.4,16.0,0.0,3.5,6.4,71.5,0,0,0,0
2024-11-11,17.3,0.0,2.1,4.5,66.8,15.3,22.7,1.8,4.8,75.8,14.2,0.1,2.0,3.3,66.8,15.8,0.0,1.7,5.6,69.0,0,0,0,0
2024-11-12,17.2,0.0,2.7,6.3,56.6,15.3,22.7,1.5,3.4,62.3,14.0,0.1,2.1,4.4,69.5,17.1,0.0,3.3,7.5,60.1,0,0,0,0
2024-11-13,16.6,0.0,3.1,4.3,59.6,14.4,0.0,1.9,4.3,66.9,14.3,0.1,1.8,4.3,66.8,16.8,0.0,3.9,6.1,59.5,0,0,0,0
2024-11-14,17.0,0.0,2.5,4.4,63.0,14.5,0.0,1.5,3.1,71.0,15.4,0.1,1.8,3.6,66.9,16.4,0.0,4.3,7.5,68.1,0,0,0,0
2024-11-15,17.2,0.2,2.1,4.2,71.8,16.2,0.0,1.5,3.5,72.6,17.0,0.1,1.7,3.3,65.9,16.6,0.4,4.5,6.1,75.0,0,0,0,0
2024-11-16,19.1,0.2,2.6,4.6,71.1,17.5,0.0,1.3,3.3,74.9,16.5,5.8,2.9,6.0,76.4,18.4,0.4,3.7,7.2,73.0,0,0,0,0
2024-11-17,15.1,0.2,3.4,6.9,50.5,13.1,0.0,2.3,4.4,60.1,7.0,5.8,5.6,9.3,43.3,13.9,0.4,6.8,13.1,49.0,0,0,0,0
2024-11-18,8.5,0.2,4.8,9.1,38.4,6.4,0.0,3.5,7.0,47.1,2.8,5.8,4.3,8.2,31.1,7.9,0.4,5.1,8.1,30.3,0,0,0,0
2024-11-19,10.6,0.2,3.3,6.2,61.5,8.4,0.6,2.1,3.8,71.3,4.9,5.8,1.8,2.9,52.5,10.3,0.4,4.8,7.5,56.5,0,0,0,0
2024-11-20,11.5,0.2,2.4,5.6,53.4,9.1,0.6,2.0,4.0,59.3,6.9,0.7,1.5,3.4,64.3,11.4,0.4,2.5,5.4,56.9,0,0,0,0
2024-11-21,12.5,0.2,3.3,6.5,54.4,10.3,0.6,2.3,5.0,60.9,10.1,0.0,2.8,7.4,74.9,12.0,0.4,3.2,6.7,58.0,0,0,0,0
2024-11-22,11.2,0.2,2.8,6.8,45.3,9.2,0.6,2.2,4.6,51.6,6.5,0.0,3.6,6.1,46.6,11.1,0.4,5.0,11.4,47.5,0,0,0,0
2024-11-23,10.9,0.2,3.3,4.8,56.9,8.3,0.6,2.4,4.2,66.9,6.5,0.0,2.3,3.2,46.9,10.4,0.4,3.4,6.1,47.6,0,0,0,0
2024-11-24,11.5,0.2,2.6,4.5,63.9,8.9,0.6,1.6,3.4,75.3,7.5,0.0,2.0,3.3,57.6,11.5,0.4,3.6,7.0,60.0,0,0,0,0
2024-11-25,13.3,0.3,2.4,5.1,61.4,9.9,0.1,1.3,3.9,75.1,11.2,0.0,2.9,5.7,55.0,13.1,0.8,5.2,7.2,68.4,0,0,0,0
2024-11-26,11.6,29.1,5.5,9.8,63.0,11.2,17.3,2.8,7.8,60.8,6.2,21.7,4.9,10.4,83.9,10.7,30.9,7.4,12.3,63.4,0,0,0,0
2024-11-27,6.6,0.0,5.9,10.7,50.3,5.9,17.3,3.0,5.8,47.9,-0.3,25.1,3.2,10.1,94.8,5.3,0.8,6.3,11.0,61.0,0,0,0,0
2024-11-28,6.9,0.0,5.7,10.1,54.3,6.0,17.3,3.1,7.5,50.5,0.9,8.5,2.7,5.4,84.0,6.8,0.0,5.7,10.6,61.3,0,0,0,0
2024-11-29,6.6,0.0,4.1,8.2,56.0,5.5,17.3,2.6,6.2,52.8,1.1,0.2,1.9,4.4,75.8,6.4,0.0,5.2,9.8,66.9,0,0,0,0
2024-11-30,8.7,0.0,3.4,6.1,49.4,7.8,17.3,3.3,8.3,46.6,3.8,0.0,2.1,4.2,76.9,8.9,0.0,4.3,8.3,57.0,0,0,0,0
2024-12-01,11.3,0.0,2.9,5.1,59.8,9.2,0.0,1.3,3.5,62.4,6.8,2.3,2.2,4.5,87.8,10.6,0.0,1.5,3.9,64.4,0,0,0,0
2024-12-02,13.9,0.0,3.5,7.4,60.1,11.8,0.0,2.0,6.1,60.6,7.4,2.3,3.7,5.9,79.9,12.3,0.0,3.1,7.8,72.0,0,0,0,0
2024-12-03,9.4,0.0,3.2,7.6,37.0,7.1,0.0,2.7,6.3,39.1,1.0,0.0,2.7,6.9,50.6,7.4,0.0,6.5,10.6,40.5,0,0,0,0
2024-12-04,6.7,0.0,2.6,6.3,44.3,5.0,0.0,2.9,7.1,40.6,2.6,0.0,2.1,4.0,55.6,6.5,0.0,4.8,10.8,48.6,0,0,0,0
2024-12-05,7.8,0.0,4.1,7.9,49.0,5.8,0.0,1.7,4.7,52.4,4.1,0.6,2.7,6.4,63.4,8.2,0.0,5.1,9.7,49.0,0,0,0,0
2024-12-06,7.9,0.0,4.3,9.1,45.3,6.1,0.0,1.8,4.3,47.5,1.9,0.6,3.5,6.9,52.4,7.4,0.0,4.1,7.6,53.3,0,0,0,0
2024-12-07,5.2,0.0,2.6,6.1,47.0,4.0,0.0,2.3,4.5,44.3,-0.3,0.6,3.3,6.2,57.4,4.7,0.1,3.4,7.2,57.6,0,0,0,0
2024-12-08,4.2,0.0,3.5,6.2,34.3,2.8,0.0,3.1,6.1,36.5,-0.4,0.6,3.1,6.4,46.8,3.7,0.1,6.2,10.5,49.9,0,0,0,0
2024-12-09,4.8,0.0,3.1,6.8,44.8,3.5,0.0,2.3,4.2,44.1,1.6,0.6,1.5,2.7,53.9,5.2,0.1,3.9,10.0,53.3,0,0,0,0
2024-12-10,6.5,0.0,2.8,5.1,42.0,4.9,0.0,2.0,3.8,43.8,2.5,0.6,2.1,5.3,57.5,6.3,0.1,2.2,5.6,53.8,0,0,0,0
2024-12-11,7.6,0.0,2.5,8.4,45.5,6.1,0.0,2.6,4.5,56.9,2.2,0.6,2.8,4.1,49.1,6.5,0.1,3.5,7.9,48.9,0,0,0,0
2024-12-12,6.4,0.0,4.0,7.9,40.1,4.7,0.0,2.6,5.3,44.3,0.1,0.6,2.7,4.4,43.1,5.1,0.1,6.1,10.6,36.9,0,0,0,0
2024-12-13,4.7,0.0,3.6,7.2,30.9,3.7,0.0,2.6,5.1,30.9,0.8,0.6,2.5,6.0,45.1,4.3,0.1,3.9,9.1,45.5,0,0,0,0
2024-12-14,3.3,0.0,3.3,6.3,37.8,2.2,0.0,3.8,7.2,36.4,-0.6,0.0,2.7,4.7,51.3,2.6,0.1,4.7,10.3,55.3,0,0,0,0
2024-12-15,5.2,0.0,5.1,9.1,49.6,3.9,0.0,2.0,3.8,52.6,1.3,0.0,3.2,7.2,57.9,4.7,0.1,4.7,9.9,57.4,0,0,0,0
2024-12-16,5.0,0.0,2.7,5.2,44.4,3.0,0.0,2.4,5.8,41.4,0.8,0.0,1.8,4.2,58.5,5.5,0.1,3.7,9.0,52.1,0,0,0,0
2024-12-17,5.2,0.0,2.7,5.4,40.5,3.5,0.0,2.4,6.2,40.9,-0.5,0.0,2.9,6.1,47.8,5.8,0.1,3.2,5.7,51.9,0,0,0,0
2024-12-18,2.2,0.0,3.3,9.2,42.8,0.6,0.0,2.7,5.0,43.0,-3.7,0.0,3.3,5.4,45.9,1.7,0.1,5.9,13.9,52.0,0,0,0,0
2024-12-19,3.8,0.0,2.9,8.7,36.1,1.9,0.0,2.5,5.6,45.0,-2.3,0.0,1.8,3.9,53.6,2.2,0.1,2.6,7.5,45.8,0,0,0,0
2024-12-20,6.6,0.0,3.5,6.4,36.8,4.7,0.0,1.8,5.5,44.5,1.7,0.2,2.0,4.0,65.8,4.9,0.1,2.5,5.7,50.5,0,0,0,0
2024-12-21,4.4,0.0,4.3,9.6,51.4,1.7,0.0,3.0,6.8,58.0,-0.8,1.9,4.4,7.6,72.1,4.0,0.0,6.3,11.8,57.8,0,0,0,0
2024-12-22,1.3,0.0,3.9,10.7,32.6,-0.3,0.0,3.1,5.9,35.9,-2.9,1.9,3.8,7.9,52.1,0.7,0.0,6.4,11.3,42.0,0,0,0,0
2024-12-23,4.2,0.0,3.1,5.2,40.5,3.3,0.0,3.7,7.8,43.1,0.6,1.9,2.5,5.9,58.9,4.2,0.0,4.5,9.9,49.9,0,0,0,0
2024-12-24,5.0,0.0,2.1,5.5,39.5,3.4,0.0,2.0,4.3,34.6,-0.4,1.9,2.0,4.4,52.5,5.2,0.0,3.9,12.4,47.0,0,0,0,0
2024-12-25,6.5,0.0,3.4,7.1,48.1,4.0,0.0,1.6,3.5,44.5,2.7,0.0,2.0,6.9,67.8,4.7,0.0,3.4,7.5,60.4,0,0,0,0
2024-12-26,6.2,0.0,3.7,8.0,43.9,4.4,0.0,2.1,5.5,42.6,-0.4,0.0,4.1,7.0,59.6,4.9,0.0,5.8,11.9,55.3,0,0,0,0
2024-12-27,2.3,0.0,3.5,8.2,41.1,0.5,0.0,2.6,5.2,40.4,-2.4,0.0,3.1,6.3,50.8,2.6,0.0,5.8,10.8,52.8,0,0,0,0
2024-12-28,1.5,0.0,3.8,7.1,45.6,0.3,0.0,4.3,7.5,43.1,-2.8,0.0,3.4,7.4,50.8,1.2,0.0,5.4,11.4,63.6,0,0,0,0
2024-12-29,4.2,0.0,2.2,4.6,47.8,2.7,0.0,2.7,8.8,51.9,1.4,0.0,1.6,4.0,56.3,4.2,0.0,2.9,7.1,56.5,0,0,0,0
2024-12-30,8.2,0.0,4.4,8.5,53.5,6.4,0.0,1.8,6.4,52.9,5.7,0.0,3.4,6.5,70.8,7.4,0.0,3.2,6.5,62.1,0,0,0,0
2024-12-31,6.7,0.0,3.8,8.7,27.5,4.8,0.0,2.5,5.5,27.3,0.5,0.0,3.6,7.6,45.9,5.5,0.0,6.8,10.7,40.9,0,0,0,0
2025-01-01,5.3,0.0,3.1,7.6,34.6,4.0,0.0,2.5,5.1,40.1,3.1,0.0,3.0,5.9,63.1,5.2,0.0,3.8,8.8,51.5,0,0,0,0
2025-01-02,6.7,0.0,2.4,5.7,33.0,5.0,0.0,2.3,3.9,37.4,0.3,0.0,3.0,6.2,46.4,6.2,0.0,3.8,9.8,45.6,0,0,0,0
2025-01-03,2.7,0.0,3.1,6.4,28.4,1.0,0.0,2.5,8.0,28.4,-1.2,0.0,2.9,5.8,50.8,2.7,0.0,4.4,9.5,38.1,0,0,0,0
2025-01-04,3.2,0.0,2.4,4.6,40.8,1.6,0.0,2.3,4.8,38.5,-0.3,0.0,2.2,3.8,46.4,3.8,0.0,3.4,6.9,49.9,0,0,0,0
2025-01-05,6.1,0.0,3.6,7.0,52.1,3.8,0.0,1.7,5.4,53.4,2.3,7.8,3.3,6.1,87.5,3.9,2.5,1.1,4.0,74.8,0,0,0,0
2025-01-06,5.5,0.0,3.8,8.5,58.9,3.8,0.0,2.7,6.2,61.9,0.6,2.6,3.5,7.3,76.1,4.1,0.1,4.8,12.2,69.9,0,0,0,0
2025-01-07,1.4,0.0,5.5,8.4,42.9,0.8,0.0,3.4,7.4,36.9,-2.5,2.6,3.3,7.0,53.5,1.1,0.0,4.9,9.0,62.4,0,0,0,0
2025-01-08,3.0,0.0,4.1,8.8,52.1,1.1,0.0,2.3,6.2,52.8,-3.2,0.0,3.5,7.3,57.6,2.9,0.0,4.5,10.5,60.1,0,0,0,0
2025-01-09,-3.5,0.0,4.1,7.6,36.5,-5.1,0.0,3.5,6.6,33.8,-9.8,0.0,5.9,10.4,42.5,-4.0,0.0,6.4,11.6,49.3,0,0,0,0
2025-01-10,-4.2,0.0,3.5,7.7,34.3,-5.6,0.0,3.0,5.5,36.5,-7.4,0.0,2.2,4.7,53.3,-3.2,0.0,6.0,12.5,49.8,0,0,0,0
2025-01-11,-0.9,0.0,2.8,6.4,46.4,-1.6,0.0,2.6,4.9,45.4,-5.4,0.0,1.7,4.2,60.9,0.1,0.0,3.5,7.9,57.6,0,0,0,0
2025-01-12,0.9,0.0,3.3,6.9,42.1,0.4,0.0,3.6,6.7,41.5,-3.2,0.0,1.4,3.0,62.3,1.0,0.0,5.0,9.9,50.8,0,0,0,0
2025-01-13,2.7,0.0,3.0,5.7,45.0,1.8,0.0,2.4,4.6,44.0,0.5,0.3,2.6,6.1,72.5,2.6,0.0,3.5,7.5,54.0,0,0,0,0
2025-01-14,6.6,0.0,3.9,7.5,47.3,5.3,0.0,1.9,4.2,44.6,1.7,0.0,2.7,5.5,74.3,5.9,0.0,2.6,8.5,54.4,0,0,0,0
2025-01-15,1.8,0.0,3.3,5.8,29.8,0.2,0.0,3.2,5.3,27.9,-3.7,0.0,4.3,8.1,42.5,0.9,0.0,6.4,11.1,45.9,0,0,0,0
2025-01-16,1.9,0.0,3.1,5.7,43.9,1.2,0.0,3.1,6.4,47.3,-0.6,0.0,3.2,6.7,63.6,2.2,0.0,5.6,9.3,51.5,0,0,0,0
2025-01-17,4.2,0.0,1.8,4.0,47.3,2.9,0.0,1.5,2.9,55.3,-0.7,0.0,2.0,3.9,54.1,3.4,0.0,1.8,3.6,60.0,0,0,0,0
2025-01-18,6.8,0.0,3.2,7.4,39.3,5.4,0.0,1.7,3.5,38.8,1.0,0.0,1.4,2.8,55.1,3.8,0.0,1.8,4.2,59.1,0,0,0,0
2025-01-19,7.5,0.0,3.3,6.0,42.1,5.4,0.0,1.6,3.4,34.8,4.0,0.0,2.4,4.0,67.6,5.6,0.0,2.7,5.3,50.9,0,0,0,0
2025-01-20,6.7,0.0,2.4,4.8,49.3,5.3,0.0,2.0,3.7,53.3,3.3,0.0,1.5,2.9,81.1,5.9,0.0,3.5,8.4,59.9,0,0,0,0
2025-01-21,7.1,0.0,2.9,6.7,42.1,5.6,0.0,2.5,3.7,48.0,2.1,0.0,1.7,3.5,85.3,5.2,0.0,2.9,7.9,55.3,0,0,0,0
2025-01-22,8.5,0.0,3.3,5.6,33.3,6.9,0.0,2.0,3.5,41.5,2.1,0.0,2.1,3.5,84.5,5.7,0.0,2.0,5.1,58.0,0,0,0,0
2025-01-23,8.7,0.0,2.0,4.7,43.3,6.6,0.0,2.3,4.7,38.9,0.9,0.0,2.1,3.3,58.1,6.6,0.0,1.6,4.3,58.0,0,0,0,0
2025-01-24,8.6,0.0,2.8,4.5,51.6,5.7,0.0,1.8,4.7,58.1,2.1,0.0,2.6,4.4,50.4,7.4,0.0,3.3,6.5,51.6,0,0,0,0
2025-01-25,6.6,0.0,4.1,6.6,63.6,4.3,3.5,3.0,4.5,80.4,4.4,0.0,2.9,6.0,53.6,6.7,0.0,5.4,8.5,57.9,0,0,0,0
2025-01-26,5.7,0.5,3.7,5.5,62.9,4.8,0.0,2.8,4.8,67.4,4.6,0.0,3.0,6.5,49.0,6.0,0.0,5.1,10.1,51.5,0,0,0,0
2025-01-27,3.6,7.1,3.7,6.9,63.4,2.3,2.9,1.9,6.0,71.5,-0.8,6.2,4.9,11.0,76.9,2.6,3.5,5.5,12.2,66.8,0,0,0,0
2025-01-28,1.2,7.1,6.7,13.1,49.3,1.0,2.9,3.6,6.9,46.6,-4.2,1.0,4.3,7.1,80.4,0.1,0.0,6.9,12.2,60.5,0,0,0,0
2025-01-29,1.1,7.1,5.8,9.9,41.3,0.1,2.9,2.8,5.6,40.4,-4.7,0.0,4.0,6.2,66.1,-0.3,0.0,6.1,10.8,57.9,0,0,0,0
2025-01-30,2.2,7.1,3.5,7.5,46.3,0.4,2.9,1.5,3.5,44.6,-3.9,0.0,1.8,4.0,45.3,2.1,0.0,2.6,5.3,54.9,0,0,0,0
2025-01-31,5.9,0.0,2.0,5.0,52.8,4.5,0.0,1.7,3.9,55.9,-1.3,1.7,2.1,3.7,81.0,4.3,0.0,2.8,6.5,63.3,0,0,0,0
2025-02-01,5.7,20.6,2.7,5.6,87.3,4.9,8.0,2.4,4.6,85.8,0.4,1.7,2.6,4.4,69.3,4.9,30.8,6.2,8.8,84.3,0,0,0,0
2025-02-02,6.2,20.6,2.7,5.0,67.9,4.9,8.0,2.2,4.3,67.3,0.7,1.7,2.4,4.4,69.0,6.0,30.8,2.9,8.4,64.8,0,0,0,0
2025-02-03,2.3,20.6,4.2,7.9,37.5,1.1,8.0,3.9,7.6,38.1,-4.7,1.7,4.8,7.8,54.8,0.8,30.8,8.3,13.2,49.6,0,0,0,0
2025-02-04,-2.5,20.6,4.8,8.1,34.9,-3.9,8.0,4.9,8.5,33.5,-9.4,1.7,4.5,7.5,58.0,-3.4,0.0,7.2,11.8,54.0,0,0,0,0
2025-02-05,-2.5,20.6,3.9,7.7,39.0,-3.4,8.0,3.1,7.2,32.4,-8.5,1.7,3.9,6.9,49.4,-2.9,0.0,5.4,11.1,55.6,0,0,0,0
2025-02-06,-1.4,20.6,3.3,6.4,34.9,-2.4,8.0,2.8,5.2,29.9,-5.4,0.6,2.8,7.1,62.0,-1.7,0.0,4.2,8.5,53.3,0,0,0,0
2025-02-07,-2.3,0.0,5.0,11.1,46.1,-3.7,0.0,3.8,9.0,42.6,-8.4,0.4,5.9,10.0,61.8,-2.7,0.0,7.2,14.8,61.0,0,0,0,1
2025-02-08,-3.0,0.0,4.0,8.7,36.9,-4.7,0.0,3.5,7.4,41.0,-7.9,0.4,3.6,6.2,54.4,-3.9,0.0,8.7,13.8,51.3,0,0,0,0
2025-02-09,-0.6,0.0,3.8,7.5,39.6,-2.0,0.0,2.8,4.7,42.6,-4.7,0.4,2.0,5.0,65.3,-1.0,0.0,6.8,11.7,50.8,0,0,0,0
2025-02-10,1.2,0.0,3.2,6.1,39.8,-0.2,0.0,2.8,6.2,44.8,-2.8,0.4,1.9,4.5,66.5,0.1,0.0,4.9,12.2,54.5,0,0,0,0
2025-02-11,4.2,0.0,2.5,5.5,37.3,1.8,0.0,2.1,5.0,43.6,0.6,0.4,2.0,3.5,61.8,2.4,0.0,1.6,6.5,51.9,0,0,0,0
2025-02-12,4.8,11.3,3.3,9.1,78.5,2.9,8.1,1.8,6.5,78.5,0.3,2.5,2.7,7.1,77.9,4.0,8.2,5.5,14.9,78.9,0,0,0,1
2025-02-13,2.7,11.3,3.6,8.7,33.1,1.8,8.1,3.0,6.0,28.9,0.9,2.5,3.2,6.1,58.6,2.7,8.2,6.2,10.1,37.6,0,0,0,0
2025-02-14,5.5,11.3,2.9,5.7,38.0,5.4,8.1,2.1,4.8,36.6,3.8,2.5,2.6,4.4,80.3,4.9,8.2,2.9,9.0,55.8,0,0,0,0
2025-02-15,6.7,0.0,3.0,5.9,44.5,5.8,8.1,1.5,4.0,39.4,3.6,2.5,2.1,3.5,81.6,3.9,0.0,1.4,3.3,65.0,0,0,0,0
2025-02-16,8.5,0.0,4.0,6.4,44.6,8.3,8.1,1.9,3.4,42.3,3.5,2.5,3.1,7.1,78.6,7.4,0.0,3.5,8.0,61.9,0,0,0,0
2025-02-17,4.7,0.0,4.2,6.9,25.3,3.2,8.1,3.2,5.9,21.9,-0.6,2.5,4.4,6.8,45.4,2.8,0.0,7.8,12.5,31.9,0,0,0,0
2025-02-18,1.6,0.0,4.3,8.3,26.3,0.3,8.1,3.5,7.9,26.1,-2.2,2.5,4.4,6.7,41.5,0.6,0.0,7.5,11.7,37.4,0,0,0,0
2025-02-19,1.5,0.0,3.0,6.2,27.3,-0.1,8.1,3.1,5.2,29.0,-3.0,2.5,3.8,6.9,45.6,0.7,0.0,7.0,11.6,39.8,0,0,0,0
2025-02-20,1.5,0.0,3.2,6.2,27.1,0.0,8.1,2.9,4.9,28.1,-2.9,2.5,3.2,5.5,47.4,0.6,0.0,7.5,14.3,36.1,0,0,0,1
2025-02-21,1.2,0.0,3.3,8.1,29.4,0.0,8.1,2.7,5.4,30.1,-2.6,2.5,3.3,6.7,47.6,0.4,0.0,7.9,11.5,36.3,0,0,0,0
2025-02-22,1.7,0.0,3.1,7.0,31.9,0.5,8.1,2.3,5.1,32.5,-2.8,2.5,3.3,6.7,51.0,0.9,0.0,6.1,11.1,41.1,0,0,0,0
2025-02-23,0.6,0.0,4.0,7.3,33.6,-0.6,8.1,3.4,6.8,34.0,-3.7,2.5,3.9,7.5,47.8,-0.7,0.0,7.0,11.6,47.8,0,0,0,0
2025-02-24,1.4,0.0,3.7,7.9,30.1,0.7,8.1,3.1,5.8,29.4,-1.0,2.5,2.7,4.8,54.6,1.0,0.0,6.8,11.4,44.3,0,0,0,0
2025-02-25,4.6,0.0,4.7,8.5,34.1,4.9,8.1,2.2,4.8,26.6,2.2,2.5,3.5,6.2,77.6,3.3,0.0,4.7,8.0,52.0,0,0,0,0
2025-02-26,6.9,0.0,4.3,7.5,46.8,6.6,8.1,1.9,3.7,37.0,2.4,2.5,2.5,4.7,58.0,7.5,0.0,4.5,9.4,41.1,0,0,0,0
2025-02-27,8.6,0.0,2.9,6.5,31.4,8.2,8.1,2.2,4.6,20.9,5.0,2.5,1.8,3.6,37.0,6.2,0.2,1.6,5.3,42.4,0,0,0,0
2025-02-28,10.8,0.1,3.7,6.7,64.9,12.3,0.0,1.7,3.8,46.3,6.5,2.5,1.8,3.7,64.9,8.8,0.0,2.2,5.6,81.1,0,0,0,0
2025-03-01,11.9,1.1,2.8,5.7,84.1,11.8,0.0,1.6,4.5,69.3,7.1,0.5,2.1,5.8,82.1,9.2,8.5,2.3,4.8,92.8,0,0,0,0
2025-03-02,11.6,7.9,3.1,7.7,89.0,10.4,3.6,2.8,6.2,84.8,8.2,10.6,4.2,9.5,70.8,10.9,15.6,3.4,12.1,95.6,0,0,0,0
2025-03-03,4.5,11.3,6.3,8.6,79.9,3.4,10.9,4.7,8.3,79.8,2.8,7.8,6.5,9.3,64.3,4.7,10.6,10.3,13.6,76.0,0,0,0,0
2025-03-04,4.4,9.2,5.1,7.2,85.1,3.3,22.8,3.8,6.2,88.8,2.1,1.8,4.8,8.0,69.9,3.9,3.6,9.4,14.5,76.9,0,0,0,1
2025-03-05,6.7,0.0,3.5,5.8,67.6,4.9,1.6,2.8,5.0,77.8,3.7,0.0,3.0,4.8,66.5,6.2,0.7,3.0,8.9,73.0,0,0,0,0
2025-03-06,6.2,0.0,2.5,4.9,63.1,4.8,0.0,2.5,4.5,69.1,4.1,0.0,3.2,5.0,56.4,6.5,0.0,2.2,6.2,71.6,0,0,0,0
2025-03-07,7.0,0.0,2.4,4.2,55.3,5.1,0.0,1.9,4.0,63.8,4.2,0.0,1.8,3.8,53.0,6.2,0.0,2.4,5.0,62.1,0,0,0,0
2025-03-08,8.7,0.0,2.6,4.7,56.1,6.7,0.1,1.8,4.0,64.8,4.8,0.0,2.1,4.5,64.5,8.0,0.0,3.2,5.4,60.8,0,0,0,0
2025-03-09,8.7,0.0,3.0,6.1,54.4,6.9,0.1,2.2,5.2,58.4,4.9,0.0,1.7,4.2,80.6,7.5,0.0,2.2,6.9,59.4,0,0,0,0
2025-03-10,9.7,0.0,1.6,3.9,62.8,8.0,0.1,1.6,3.4,66.4,6.8,0.0,1.7,3.4,69.4,8.2,0.0,2.6,5.9,65.5,0,0,0,0
2025-03-11,11.2,0.0,2.2,4.9,55.4,9.6,0.1,1.6,4.0,56.3,7.5,0.0,1.8,3.4,65.3,9.5,0.0,2.1,5.9,59.5,0,0,0,0
2025-03-12,12.9,0.0,3.4,6.5,44.9,12.3,0.1,1.8,3.6,48.5,6.6,0.2,2.1,4.8,81.1,10.9,0.0,3.0,6.8,57.5,0,0,0,0
2025-03-13,12.0,0.0,3.0,5.2,37.1,10.3,0.1,2.3,5.2,35.5,6.4,0.2,1.7,3.8,66.3,11.5,0.0,3.7,8.4,40.6,0,0,0,0
2025-03-14,12.1,0.0,3.7,7.1,39.5,9.9,0.1,2.5,5.9,45.3,11.2,0.2,3.2,5.2,33.3,11.8,0.0,4.1,9.8,39.0,0,0,0,0
2025-03-15,8.1,8.3,4.4,6.3,81.1,7.4,12.0,3.0,6.7,78.5,11.0,0.0,2.8,6.1,43.9,8.0,6.3,8.0,10.9,69.0,0,0,0,0
2025-03-16,5.7,7.0,4.1,9.9,67.1,5.0,9.5,2.8,6.4,73.3,3.9,0.0,4.5,7.5,58.5,6.2,0.0,7.7,18.6,50.9,0,0,0,1
2025-03-17,5.0,7.0,4.4,8.7,38.1,3.9,0.0,3.0,6.4,47.0,1.9,2.9,3.6,6.8,51.4,4.6,0.0,7.2,13.6,32.9,0,0,0,0
2025-03-18,3.8,0.3,4.6,10.4,54.3,2.8,0.1,2.8,6.7,58.0,1.7,2.1,4.7,8.5,70.1,2.7,0.1,7.9,14.4,59.5,0,0,0,1
2025-03-19,4.9,0.3,3.5,6.6,46.9,3.7,0.1,2.1,4.1,54.0,2.4,2.1,3.0,5.7,50.5,4.6,0.1,5.7,9.9,38.5,0,0,0,0
2025-03-20,8.5,0.3,4.1,8.5,50.1,9.7,0.1,2.3,5.1,38.5,6.6,2.1,3.8,6.7,73.4,7.6,0.1,4.4,8.4,62.9,0,0,0,0
2025-03-21,13.1,0.3,5.5,8.5,53.1,15.4,0.1,3.5,6.8,32.1,8.9,2.1,3.7,5.6,75.8,12.4,0.1,4.7,8.8,56.5,0,0,0,0
2025-03-22,16.4,0.3,6.3,9.4,37.0,18.9,0.1,2.5,5.5,21.9,10.9,2.1,3.6,5.5,63.3,13.7,0.1,4.3,9.2,49.8,0,0,0,0
2025-03-23,15.5,0.3,3.9,7.0,47.5,15.9,0.1,1.4,5.2,42.3,12.7,2.1,2.8,4.4,59.0,14.2,0.1,3.6,7.8,52.5,0,0,0,0
2025-03-24,14.8,0.5,5.1,11.8,69.5,16.6,0.1,2.7,7.0,54.5,12.4,0.0,4.1,7.1,67.0,13.9,0.9,4.5,9.1,70.8,0,0,0,0
2025-03-25,15.7,0.5,4.4,8.5,63.8,18.5,0.1,3.0,7.9,42.8,10.0,0.0,4.2,9.6,75.3,14.6,0.9,3.7,7.9,63.4,0,0,0,0
2025-03-26,16.7,1.1,3.1,10.2,53.3,16.1,0.1,2.7,5.9,46.9,14.3,0.0,2.6,4.1,51.1,14.6,0.2,2.8,7.6,58.4,0,0,0,0
2025-03-27,16.0,4.9,5.2,11.7,94.9,17.9,10.5,3.2,7.4,80.3,11.2,0.6,3.7,7.9,72.6,15.4,0.8,3.8,13.7,82.1,0,0,0,0
2025-03-28,10.9,0.4,2.3,4.3,63.8,9.0,0.6,2.7,5.4,65.5,6.0,0.6,5.1,8.0,37.5,9.5,0.1,8.5,15.5,38.8,0,0,0,1
2025-03-29,7.8,0.4,2.9,7.8,25.0,6.9,0.6,2.9,5.4,30.5,3.1,0.0,4.3,8.8,45.8,6.1,0.1,6.1,10.0,32.4,0,0,0,0
2025-03-30,5.5,0.4,3.2,6.0,30.1,4.2,0.6,3.0,6.0,27.6,3.7,0.0,3.4,7.9,50.6,5.4,0.1,4.6,9.5,30.1,0,0,0,0
2025-03-31,7.6,0.4,2.8,7.5,47.9,6.1,0.6,1.7,4.3,51.9,6.9,0.0,2.4,4.7,64.3,7.4,0.1,2.8,6.0,57.5,0,0,0,0
2025-04-01,10.1,0.4,2.5,5.4,51.9,8.3,0.6,2.0,5.7,57.6,8.9,0.0,2.5,4.5,65.8,9.6,0.1,2.5,5.4,57.4,0,0,0,0
2025-04-02,10.6,0.0,3.0,5.8,61.6,8.9,0.0,2.3,5.9,65.1,7.8,0.0,2.0,6.6,68.9,10.4,0.1,3.4,10.1,52.1,0,0,0,0
2025-04-03,10.1,0.0,2.6,5.2,63.4,7.9,0.0,2.3,5.0,68.5,8.4,0.0,2.4,5.7,68.0,9.9,0.1,2.7,5.7,59.5,0,0,0,0
2025-04-04,10.8,0.0,3.0,6.2,58.0,9.8,0.0,2.0,4.8,61.4,8.8,0.0,2.5,4.3,68.3,10.9,0.1,2.4,6.3,65.5,0,0,0,0
2025-04-05,11.9,0.0,3.9,9.8,65.3,10.9,0.3,2.8,6.6,60.9,7.7,17.7,2.0,5.7,90.9,10.9,0.0,3.4,8.0,75.6,0,0,0,0
2025-04-06,12.7,0.0,3.5,7.6,43.9,12.7,0.3,2.6,5.2,41.4,8.3,17.7,3.1,6.2,82.5,12.6,0.0,4.9,8.5,37.9,0,0,0,0
2025-04-07,13.6,0.0,3.9,8.4,40.6,13.9,0.3,2.0,4.1,35.6,12.3,17.7,4.0,8.3,62.1,12.9,0.0,4.2,8.9,49.4,0,0,0,0
2025-04-08,15.8,0.0,5.7,10.7,50.5,16.6,0.3,3.3,6.4,35.3,10.6,17.7,3.1,6.6,74.9,16.0,0.0,4.9,10.2,47.4,0,0,0,0
2025-04-09,14.3,0.0,2.7,6.9,64.5,12.5,0.0,1.8,3.8,68.9,10.7,0.6,2.0,5.7,64.4,12.9,0.4,2.4,5.4,69.9,0,0,0,0
2025-04-10,15.4,0.0,3.9,6.8,70.4,14.8,0.0,2.1,5.5,66.0,11.2,0.0,2.3,5.6,72.1,14.8,0.4,4.1,9.3,68.9,0,0,0,0
2025-04-11,15.0,0.0,2.3,4.8,63.6,13.4,0.0,1.6,4.7,65.4,12.7,0.0,2.2,4.6,66.9,14.7,0.4,1.8,5.3,63.9,0,0,0,0
2025-04-12,13.3,12.0,2.6,6.8,83.3,12.6,9.6,1.7,4.5,82.4,11.5,26.2,3.6,8.5,68.1,12.7,27.1,3.0,9.8,79.4,0,0,0,0
2025-04-13,9.8,21.5,7.1,11.9,50.3,9.7,25.4,3.9,7.5,49.4,5.4,1.6,6.1,14.1,73.6,8.3,2.5,8.5,21.1,49.9,0,0,1,1
2025-04-14,8.9,7.0,4.3,9.7,66.6,5.9,7.8,1.9,4.9,80.6,4.8,7.6,3.7,8.3,88.1,8.8,6.7,5.4,10.9,68.8,0,0,0,0
2025-04-15,10.9,7.0,4.2,7.9,53.9,10.3,0.0,2.6,6.3,50.9,7.7,7.6,3.5,7.3,77.4,10.6,6.7,5.7,12.2,53.3,0,0,0,0
2025-04-16,14.4,7.0,4.1,7.0,59.9,15.2,0.0,2.1,5.1,53.6,14.1,7.6,3.6,6.5,63.6,13.9,6.7,3.0,7.0,66.3,0,0,0,0
2025-04-17,16.9,0.0,6.8,12.9,85.5,18.4,0.0,4.9,9.9,72.0,17.6,0.0,3.8,7.9,74.5,15.7,6.7,3.2,7.1,89.5,0,0,0,0
2025-04-18,18.2,0.0,5.6,9.4,81.6,22.0,0.0,2.5,5.6,61.8,14.7,0.0,2.4,4.8,82.9,17.5,6.7,3.4,8.9,87.4,0,0,0,0
2025-04-19,17.8,0.0,5.8,9.7,86.3,20.8,0.0,4.2,9.8,65.3,13.4,10.2,3.5,9.5,96.9,17.0,1.0,3.7,8.1,92.6,0,0,0,0
2025-04-20,14.7,1.5,2.9,6.7,83.4,13.6,0.0,1.8,4.6,79.1,14.2,10.2,2.0,4.6,78.6,15.0,0.1,1.3,3.2,92.6,0,0,0,0
2025-04-21,15.6,1.5,2.4,4.9,69.5,15.1,0.0,1.4,3.5,64.9,19.2,10.2,2.3,4.1,74.5,15.7,0.1,2.1,4.5,74.3,0,0,0,0
2025-04-22,15.6,33.3,1.4,4.0,84.8,14.6,13.0,1.4,4.2,91.4,16.5,42.3,2.2,5.3,92.1,15.5,29.8,2.2,5.1,94.8,0,0,0,0
2025-04-23,14.2,33.3,2.7,4.5,76.1,12.5,13.0,2.5,4.7,75.0,15.1,42.3,2.8,4.7,71.3,13.8,0.4,1.9,4.8,91.5,0,0,0,0
2025-04-24,15.5,33.3,3.8,7.7,71.9,17.2,13.0,1.9,4.9,62.1,12.4,42.3,3.5,6.6,64.8,16.1,0.4,3.7,8.5,65.1,0,0,0,0
2025-04-25,15.3,33.3,3.6,6.9,30.3,15.0,13.0,2.7,6.5,20.3,12.1,42.3,3.7,8.5,45.0,14.6,0.4,5.4,11.7,23.1,0,0,0,0
2025-04-26,15.2,33.3,3.5,8.7,29.0,16.0,13.0,2.3,6.2,27.0,12.4,42.3,3.6,6.6,63.5,15.0,0.4,3.9,8.3,32.5,0,0,0,0
2025-04-27,17.4,33.3,4.0,7.6,38.9,20.0,13.0,1.9,4.9,26.8,13.2,42.3,3.5,7.6,56.3,16.8,0.4,3.8,8.3,44.1,0,0,0,0
2025-04-28,17.5,33.3,4.2,7.2,54.9,17.7,13.0,2.3,5.8,42.0,13.5,42.3,3.0,5.8,60.0,17.9,0.4,4.7,10.9,39.9,0,0,0,0
2025-04-29,13.7,33.3,3.9,7.3,58.6,12.9,13.0,1.9,4.7,57.6,13.4,42.3,2.4,4.5,47.5,13.4,0.4,3.7,10.5,59.1,0,0,0,0
2025-04-30,16.0,33.3,3.6,6.5,66.0,17.2,13.0,1.3,3.0,53.5,17.8,42.3,3.8,6.3,35.9,15.3,0.4,1.7,5.3,71.1,0,0,0,0
2025-05-01,16.2,19.0,4.9,14.1,83.0,17.1,12.6,3.3,7.2,76.1,13.3,20.4,3.6,7.0,76.6,15.6,17.8,3.9,13.6,87.1,1,0,0,0
2025-05-02,16.1,19.0,3.3,9.3,53.3,15.1,12.6,3.0,7.9,49.8,12.5,0.0,3.4,8.7,62.9,15.7,17.8,5.3,10.4,40.5,0,0,0,0
2025-05-03,14.2,2.4,2.8,10.5,73.4,11.4,9.5,2.1,5.0,76.8,10.4,9.2,2.7,6.4,84.6,14.1,0.9,3.1,9.5,66.3,0,0,0,0
2025-05-04,15.2,2.4,2.8,6.9,51.8,15.8,9.5,2.7,5.8,41.9,12.8,9.2,3.7,10.4,67.5,15.9,0.9,4.7,8.2,45.3,0,0,0,0
2025-05-05,15.3,3.0,2.3,4.3,53.9,13.6,0.8,1.9,4.5,54.8,12.2,9.2,2.3,4.6,64.4,13.6,4.8,2.8,6.6,54.1,0,0,0,0
2025-05-06,13.3,5.5,2.3,3.7,77.1,11.8,9.5,1.9,3.8,83.6,13.3,9.2,2.4,4.6,62.4,12.8,0.9,3.8,7.7,81.3,0,0,0,0
2025-05-07,14.5,5.5,2.3,5.7,72.8,13.6,9.5,1.6,3.4,73.5,13.3,9.2,2.4,4.6,70.4,14.5,0.9,1.9,4.9,79.8,0,0,0,0
2025-05-08,17.3,5.5,1.6,3.6,54.4,16.0,9.5,1.3,3.4,63.6,16.1,9.2,1.8,5.7,61.5,15.9,0.9,2.3,4.1,65.6,0,0,0,0
2025-05-09,15.8,38.8,3.3,7.3,86.4,15.0,31.7,1.7,4.6,90.4,15.2,20.6,3.1,6.9,83.0,15.1,45.3,5.1,11.9,92.4,0,0,0,0
2025-05-10,15.9,38.8,7.4,11.5,70.5,17.3,31.7,4.0,7.5,61.3,11.5,10.5,4.8,9.2,98.5,14.7,45.3,6.9,12.0,74.1,0,0,0,0
2025-05-11,15.3,0.6,3.4,7.5,73.4,15.5,31.7,1.8,5.1,67.4,13.2,10.5,2.5,4.3,86.4,15.7,45.3,4.2,7.2,64.3,0,0,0,0
2025-05-12,17.4,0.6,3.4,6.9,55.9,18.4,31.7,2.3,5.7,43.1,16.4,10.5,2.8,5.2,67.9,16.3,45.3,3.9,8.2,67.5,0,0,0,0
2025-05-13,17.7,0.6,3.7,7.0,76.9,18.9,31.7,1.1,3.3,61.1,20.0,10.5,3.8,6.6,47.9,17.3,45.3,1.8,4.4,80.5,0,0,0,0
2025-05-14,18.7,0.6,3.8,7.5,72.5,19.8,31.7,2.2,6.8,56.9,20.4,0.0,2.9,5.2,56.4,18.0,45.3,1.5,2.9,82.9,0,0,0,0
2025-05-15,18.4,1.4,4.5,8.9,89.3,20.1,31.7,2.7,7.7,79.1,17.2,0.7,2.5,6.4,89.8,18.5,35.4,1.8,5.2,93.1,0,0,0,0
2025-05-16,18.8,58.0,2.7,7.1,93.1,19.5,35.4,1.3,5.4,87.4,19.1,30.1,1.8,5.1,95.6,17.9,75.0,2.8,7.2,96.4,1,0,0,1
2025-05-17,18.6,0.6,3.3,6.5,85.8,19.8,2.2,1.5,3.0,79.4,16.4,3.4,2.7,5.8,92.0,18.8,0.0,4.3,8.4,85.8,0,0,0,0
2025-05-18,18.1,0.6,2.8,5.5,63.5,16.9,2.2,2.2,6.6,59.9,14.0,3.4,2.4,4.4,66.9,18.2,0.0,3.7,8.9,63.8,0,0,0,0
2025-05-19,19.0,0.6,4.8,9.2,74.3,19.9,2.2,4.4,9.7,59.4,15.1,0.0,3.1,5.9,77.0,17.9,0.0,2.6,6.8,82.3,0,0,0,0
2025-05-20,21.6,0.0,4.4,8.0,87.0,24.1,2.2,2.7,6.0,68.8,20.1,0.0,2.9,4.8,94.0,20.6,0.0,1.5,3.9,88.1,0,0,0,0
2025-05-21,22.2,0.0,2.4,5.7,84.3,22.0,2.2,1.6,4.2,78.4,23.1,0.0,2.0,4.0,85.5,21.3,0.0,2.2,5.6,88.3,0,0,0,0
2025-05-22,18.2,0.0,2.6,4.8,74.6,15.4,2.2,2.5,4.1,79.1,21.7,0.1,2.1,4.3,76.4,17.9,0.2,2.2,4.4,89.3,0,0,0,0
2025-05-23,17.9,0.0,3.2,5.6,51.6,15.9,2.2,2.2,4.2,58.3,19.2,1.2,2.4,4.6,58.1,18.3,0.2,5.3,9.0,57.8,0,0,0,0
2025-05-24,14.6,3.1,3.0,6.0,80.6,13.2,4.6,3.2,4.8,85.8,16.1,2.0,2.8,4.5,65.1,15.8,0.0,5.6,9.7,70.1,0,0,0,0
2025-05-25,15.9,0.3,2.7,5.2,75.5,15.6,0.8,2.0,4.0,73.5,15.8,2.0,2.4,5.1,68.6,16.7,0.0,3.1,6.3,73.6,0,0,0,0
2025-05-26,17.6,0.3,3.1,6.7,75.8,17.4,0.8,1.4,3.1,74.8,17.9,2.0,1.9,4.1,69.1,17.7,0.0,1.8,3.5,79.4,0,0,0,0
2025-05-27,19.0,0.3,2.4,4.7,65.9,18.0,0.8,1.4,3.5,67.9,18.5,2.0,2.3,4.3,74.0,18.3,0.0,1.4,3.5,75.0,0,0,0,0
2025-05-28,19.9,0.3,1.8,3.6,66.6,17.9,0.8,1.3,2.9,69.1,18.6,0.0,2.0,4.4,74.3,19.3,0.0,1.7,3.6,72.1,0,0,0,0
2025-05-29,18.8,0.3,2.6,4.7,67.3,16.7,0.8,2.0,5.1,75.1,20.1,0.0,1.7,3.8,64.3,19.3,0.0,2.1,5.7,65.0,0,0,0,0
2025-05-30,18.6,0.3,2.4,4.6,64.1,16.5,0.8,2.3,5.0,72.3,20.2,0.0,1.8,4.7,66.6,18.3,0.0,2.1,4.9,76.4,0,0,0,0
2025-05-31,19.6,0.3,2.1,6.2,57.4,17.9,0.8,1.7,5.0,54.8,18.9,0.0,1.9,4.4,64.4,19.0,0.0,2.5,5.9,77.3,0,0,0,0
2025-06-01,20.5,0.3,2.4,5.2,62.5,18.5,0.8,1.4,3.9,64.6,19.6,0.0,1.8,4.8,71.9,20.5,0.0,1.8,3.7,75.4,0,0,0,0
2025-06-02,19.0,1.0,1.9,4.2,80.4,18.7,1.8,0.9,2.7,80.6,19.0,0.0,1.4,4.1,70.9,17.7,10.2,2.6,7.3,84.8,0,0,0,0
2025-06-03,19.8,4.3,2.4,5.8,70.8,19.7,5.4,1.9,3.4,69.1,18.9,0.0,3.2,7.6,70.0,21.6,0.0,4.3,10.7,56.0,0,0,0,0
2025-06-04,22.2,4.3,4.1,7.9,38.0,22.4,5.4,2.3,5.2,28.0,19.0,0.0,3.5,7.5,64.8,22.1,0.0,5.4,11.6,39.0,0,0,0,0
2025-06-05,21.2,4.3,3.5,7.1,48.4,20.9,5.4,1.7,3.9,48.4,19.8,0.0,2.5,4.5,57.9,21.1,0.0,3.3,6.7,50.5,0,0,0,0
2025-06-06,20.9,0.0,3.1,5.6,61.5,22.6,5.4,1.7,4.5,50.4,22.7,0.0,3.6,7.0,45.8,20.8,0.0,1.9,4.4,59.3,0,0,0,0
2025-06-07,22.5,0.0,3.7,5.9,59.8,23.6,5.4,1.4,3.4,47.1,21.9,0.0,2.8,5.2,73.6,21.7,0.0,2.1,4.7,72.5,0,0,0,0
2025-06-08,22.5,0.0,3.3,6.1,81.0,23.5,5.4,1.3,2.9,62.3,23.1,0.0,1.8,4.1,82.3,21.7,0.0,1.5,4.4,86.5,0,0,0,0
2025-06-09,21.4,0.0,2.0,3.4,81.3,21.4,5.4,1.4,3.7,77.5,21.2,0.0,2.3,4.5,83.1,21.6,0.0,1.3,3.6,79.0,0,0,0,0
2025-06-10,22.1,0.0,2.6,6.4,79.0,24.1,5.4,1.8,5.5,68.1,19.3,0.0,2.7,4.3,86.6,22.1,0.0,2.5,5.3,77.9,0,0,0,0
2025-06-11,23.8,0.0,2.5,5.6,52.3,23.4,5.4,1.8,4.0,47.5,20.2,0.0,2.5,5.1,70.5,23.1,0.0,3.3,6.8,53.9,0,0,0,0
2025-06-12,21.5,0.0,2.2,5.6,71.3,21.6,5.4,1.4,2.6,63.0,23.1,0.0,1.9,4.5,65.1,21.4,0.0,1.7,4.2,70.5,0,0,0,0
2025-06-13,21.3,11.8,1.4,3.5,84.8,19.6,10.6,0.9,2.6,84.4,21.5,1.2,1.9,3.8,74.4,19.9,42.8,2.8,9.3,84.6,0,0,0,0
2025-06-14,21.5,166.7,3.2,10.9,96.3,20.8,68.7,1.2,3.3,95.0,23.8,1.2,2.2,4.5,73.9,21.9,56.7,3.4,10.0,94.9,1,1,0,1
2025-06-15,21.5,6.7,3.0,6.1,92.4,23.3,0.4,1.4,4.7,81.9,22.9,8.9,2.8,5.5,83.4,22.5,5.8,2.3,4.2,89.6,0,0,0,0
2025-06-16,21.7,9.7,4.2,7.8,90.6,23.0,6.4,1.8,5.5,84.3,21.4,13.0,3.2,6.4,96.8,21.9,10.0,5.1,8.8,89.0,0,0,0,0
2025-06-17,22.2,9.7,5.3,7.9,87.0,24.1,6.4,2.9,5.9,73.9,22.5,13.0,2.6,5.2,87.3,21.7,10.0,2.2,6.2,89.6,0,0,0,0
2025-06-18,20.6,9.7,3.7,7.1,88.0,24.9,6.4,1.3,3.4,67.8,22.4,13.0,2.0,3.6,77.4,22.4,10.0,2.3,4.9,80.1,0,0,0,0
2025-06-19,23.8,9.7,3.2,5.6,78.1,27.2,6.4,1.8,4.6,60.1,25.5,0.2,2.0,4.6,71.5,22.3,10.0,2.2,4.2,90.8,0,0,0,0
2025-06-20,23.4,2.7,6.3,11.7,95.3,26.3,0.0,3.9,8.4,75.3,22.5,113.5,5.7,10.0,99.1,23.0,2.0,4.2,7.7,96.1,0,0,1,0
2025-06-21,23.2,7.6,8.9,12.6,94.9,23.6,18.7,3.4,7.0,82.5,19.8,0.1,1.9,3.9,98.5,22.4,14.4,5.4,9.4,96.4,0,0,0,0
2025-06-22,20.8,35.8,2.2,13.1,84.1,21.6,15.8,1.5,3.4,73.4,20.2,0.1,2.5,4.5,90.3,21.5,1.1,2.7,5.7,84.1,0,0,0,0
2025-06-23,24.4,35.8,2.0,5.5,70.3,24.0,15.8,1.5,2.9,63.6,23.4,0.1,1.9,3.8,82.1,23.4,1.1,1.5,3.7,74.3,0,0,0,0
2025-06-24,21.2,44.8,2.3,4.4,86.9,20.2,33.1,1.2,2.8,86.9,24.7,2.1,2.1,4.4,71.0,20.6,11.5,5.3,8.6,88.9,0,0,0,0
2025-06-25,21.8,1.6,3.5,7.8,87.3,21.9,2.2,1.7,4.4,84.6,20.7,7.8,2.3,4.7,90.5,21.5,0.0,4.5,8.7,86.6,0,0,0,0
2025-06-26,22.8,1.6,3.9,7.4,76.3,25.2,2.2,1.6,3.3,66.4,21.3,0.3,2.0,4.0,89.8,22.9,0.0,4.1,6.3,77.5,0,0,0,0
2025-06-27,24.2,1.6,2.4,5.6,74.6,25.6,2.2,1.3,2.8,69.1,23.7,0.0,1.5,3.7,83.8,24.5,0.0,3.2,5.9,76.9,0,0,0,0
2025-06-28,25.3,1.6,3.2,5.3,83.9,27.5,2.2,1.3,2.9,71.1,24.5,0.5,1.8,3.5,93.1,25.4,0.0,2.9,5.6,86.5,0,0,0,0
2025-06-29,25.9,1.6,3.5,6.8,82.9,28.4,2.2,1.4,3.0,71.8,25.4,0.3,2.3,3.8,88.8,25.8,0.0,3.7,6.6,85.1,0,0,0,0
2025-06-30,26.2,1.6,3.5,6.8,80.8,29.0,2.2,2.0,5.1,67.3,26.5,0.3,2.7,4.5,86.1,26.5,0.0,2.5,5.5,86.4,0,0,0,0
2025-07-01,27.0,1.6,4.2,6.7,81.8,29.3,2.2,1.6,3.7,67.1,26.7,0.7,3.0,5.6,90.9,27.3,0.0,2.8,5.7,86.1,0,0,0,0
2025-07-02,27.8,1.6,3.5,6.2,81.0,30.4,2.2,1.6,3.5,65.4,26.4,0.7,3.0,5.6,91.4,27.2,0.0,3.3,5.8,85.0,0,0,0,0
2025-07-03,28.0,1.6,3.9,7.2,74.9,30.6,2.2,1.7,3.1,64.6,26.1,0.0,2.8,5.1,90.1,27.2,0.0,4.0,6.9,79.9,0,0,0,0
2025-07-04,27.6,1.6,5.2,8.2,73.4,29.6,2.2,2.3,4.4,59.1,25.8,0.0,3.5,7.3,88.5,26.4,0.0,4.1,7.4,82.9,0,0,0,0
2025-07-05,27.8,1.6,5.2,7.6,73.5,30.1,2.2,2.2,4.1,60.3,26.6,0.0,3.1,5.0,85.5,26.8,0.0,4.1,7.7,83.4,0,0,0,0
2025-07-06,27.9,1.6,4.1,7.0,75.1,29.8,2.2,2.0,3.9,61.5,27.0,0.0,2.8,5.1,86.9,28.3,0.0,4.1,6.9,77.1,0,0,0,0
2025-07-07,30.1,1.6,2.5,5.1,70.1,29.8,2.2,2.1,4.2,66.8,27.2,0.0,2.2,3.6,88.4,28.8,0.0,2.5,4.6,74.3,0,0,0,0
2025-07-08,29.4,1.6,2.7,4.4,65.1,27.0,2.2,2.3,3.8,72.6,30.0,1.7,2.2,5.9,79.1,27.9,0.0,2.0,3.9,75.0,0,0,0,0
2025-07-09,28.5,1.6,3.2,5.3,59.6,26.6,2.2,2.5,4.9,64.5,30.8,0.0,1.7,4.1,69.5,27.8,0.0,3.4,7.6,64.6,0,0,0,0
2025-07-10,28.0,1.6,3.5,5.3,60.9,25.2,2.2,3.3,6.4,69.5,31.1,0.0,2.4,5.3,48.5,28.2,0.0,4.0,7.5,61.4,0,0,0,0
2025-07-11,27.3,1.6,3.8,6.0,59.4,25.1,2.2,3.8,5.9,69.0,30.2,0.0,2.9,4.9,46.8,27.4,0.0,5.4,8.3,57.3,0,0,0,0
2025-07-12,26.7,1.6,3.3,5.2,64.0,24.4,2.2,2.5,4.5,72.0,29.2,0.0,2.2,4.4,49.1,26.4,0.0,4.4,9.3,62.6,0,0,0,0
2025-07-13,26.0,111.0,2.2,7.2,80.9,25.2,67.0,1.6,5.0,76.9,25.2,0.2,1.8,3.6,78.0,24.4,46.0,3.1,10.1,78.6,1,1,0,0
2025-07-14,24.2,49.3,2.6,6.2,80.1,22.0,72.4,2.1,5.3,86.0,23.5,15.1,2.2,5.5,86.6,26.0,2.0,5.2,9.4,68.6,0,1,0,0
2025-07-15,24.7,6.0,4.0,8.9,78.6,23.2,2.5,1.8,4.9,81.5,22.5,25.0,2.4,4.3,91.6,24.6,0.5,4.3,7.5,79.6,0,0,0,0
2025-07-16,25.3,0.2,4.0,7.9,83.3,24.1,1.6,2.0,4.6,81.6,22.3,64.0,3.1,6.3,96.5,24.5,4.6,3.0,8.2,85.4,0,0,1,0
2025-07-17,25.9,0.0,4.3,8.1,85.5,24.7,12.1,2.2,5.0,85.0,22.8,55.7,3.3,5.7,98.9,26.1,23.7,7.6,12.5,86.8,0,0,1,0
2025-07-18,24.5,27.8,3.2,7.7,93.0,24.0,27.6,1.9,4.8,93.9,23.8,14.7,1.9,4.2,97.6,24.8,18.7,3.8,9.2,90.9,0,0,0,0
2025-07-19,24.1,47.5,2.9,9.0,89.1,22.3,101.9,1.3,5.2,96.0,23.6,52.4,2.6,8.9,98.5,25.7,15.3,5.6,11.1,88.1,0,1,1,0
2025-07-20,27.6,47.5,0.9,3.2,76.0,26.1,101.9,0.9,2.6,81.9,26.8,30.1,3.4,6.2,89.3,26.4,15.3,1.8,3.1,83.5,0,1,0,0
2025-07-21,28.1,47.5,3.4,6.8,79.8,27.3,101.9,2.0,5.4,77.9,27.2,0.5,2.7,5.4,88.8,27.3,1.7,2.5,6.2,86.5,0,1,0,0
2025-07-22,29.1,47.5,3.1,5.8,73.8,28.6,101.9,1.3,3.5,71.8,27.4,0.5,2.5,4.3,88.8,27.7,1.7,2.2,4.9,80.9,0,1,0,0
2025-07-23,29.4,47.5,2.3,4.1,70.0,28.2,101.9,1.2,2.8,73.5,27.8,0.5,1.9,3.6,81.0,28.4,1.7,1.4,3.2,71.4,0,1,0,0
2025-07-24,28.7,47.5,1.9,4.2,68.0,27.6,101.9,1.0,3.1,69.0,28.1,0.5,1.8,3.6,79.9,28.4,1.7,1.8,5.0,73.4,0,1,0,0
2025-07-25,29.6,47.5,2.6,4.3,69.3,28.2,101.9,1.3,3.2,68.8,29.6,0.5,2.1,3.9,77.1,28.9,1.7,4.0,6.6,72.1,0,1,0,0
2025-07-26,29.9,47.5,2.7,4.0,69.9,28.6,101.9,1.4,3.8,71.3,30.4,0.5,2.0,3.5,74.9,29.2,1.7,5.2,7.7,70.9,0,1,0,0
2025-07-27,29.9,47.5,2.6,4.1,63.6,28.5,101.9,1.3,3.6,67.5,30.9,0.5,2.0,3.7,70.5,29.3,1.7,5.4,8.1,69.8,0,1,0,0
2025-07-28,29.6,47.5,2.1,4.9,67.6,27.8,101.9,1.2,2.6,68.9,29.7,0.5,1.8,4.0,75.6,29.2,1.7,2.7,6.3,67.8,0,1,0,0
2025-07-29,29.2,47.5,2.3,3.9,68.8,27.9,101.9,1.1,2.8,70.3,30.1,0.5,1.9,4.2,71.8,28.7,1.7,2.7,4.8,69.5,0,1,0,0
2025-07-30,29.1,47.5,2.5,4.7,66.3,27.9,101.9,1.6,3.5,73.8,30.0,0.5,1.8,3.6,77.1,28.2,1.7,3.5,5.8,70.8,0,1,0,0
2025-07-31,29.3,47.5,2.6,4.6,70.5,28.0,101.9,1.6,3.4,70.5,29.6,0.5,2.3,4.2,70.0,28.5,1.7,3.1,5.2,70.6,0,1,0,0
2025-08-01,29.4,47.5,2.2,4.1,76.4,28.0,101.9,1.5,3.3,75.8,29.2,0.0,2.0,3.5,80.8,28.9,1.7,2.8,5.8,73.8,0,1,0,0
2025-08-02,29.7,47.5,2.7,6.3,77.1,28.5,101.9,1.2,3.4,76.1,29.2,0.0,1.8,3.9,78.1,29.3,1.7,2.0,3.6,80.1,0,1,0,0
2025-08-03,29.3,7.8,3.7,8.8,79.3,28.4,82.0,1.5,7.0,76.0,27.9,3.1,1.9,4.6,78.6,28.8,1.2,4.6,15.5,80.4,0,1,0,1
2025-08-04,28.8,12.9,6.9,10.6,85.6,28.6,31.8,3.1,6.3,80.9,27.3,0.9,2.6,4.7,83.4,28.9,0.0,6.9,14.4,84.9,0,0,0,1
2025-08-05,28.6,4.9,5.2,8.8,83.4,28.6,2.7,2.3,6.7,80.0,27.3,0.9,2.5,4.1,81.3,28.8,61.6,4.4,9.5,84.5,0,0,0,1
2025-08-06,28.5,2.4,6.1,10.3,81.8,28.9,0.0,3.7,6.6,73.0,26.7,7.3,3.3,5.5,93.3,28.6,1.1,6.8,11.4,84.9,0,0,0,0
2025-08-07,29.5,2.4,3.4,6.9,74.5,27.8,0.0,1.8,5.2,71.6,27.3,7.3,2.5,4.5,80.8,29.5,1.1,4.1,7.0,71.0,0,0,0,0
2025-08-08,27.4,2.4,2.4,5.1,78.1,26.0,0.0,1.3,2.9,78.8,26.2,7.3,2.0,4.3,80.1,26.9,1.1,2.3,5.2,68.8,0,0,0,0
2025-08-09,24.9,5.2,2.0,7.5,84.0,24.2,2.1,1.1,3.0,86.9,25.7,0.0,1.5,2.8,78.9,24.0,43.8,2.6,5.7,88.8,0,0,0,0
2025-08-10,23.5,39.3,1.6,3.4,86.9,23.4,32.0,1.3,4.0,81.9,26.7,0.0,2.2,3.6,75.4,23.6,53.7,3.0,8.5,91.1,0,0,0,1
2025-08-11,24.1,11.2,2.1,5.2,83.6,23.4,2.3,1.7,4.3,81.3,26.3,0.0,2.1,5.0,83.6,23.1,35.7,3.5,9.3,89.1,0,0,0,0
2025-08-12,23.0,74.1,1.2,4.1,95.0,22.3,43.1,0.8,2.3,95.3,27.7,0.0,2.1,4.9,68.9,22.2,81.6,3.2,5.9,94.4,1,0,0,1
2025-08-13,27.6,74.1,3.8,7.6,86.0,27.4,0.1,1.9,5.0,79.1,25.2,189.9,3.7,8.4,95.9,26.7,0.3,3.1,6.3,90.5,1,0,1,0
2025-08-14,28.7,74.1,3.7,6.7,79.8,28.9,0.1,1.9,5.3,71.8,24.5,31.0,2.6,7.9,98.5,27.9,0.0,3.0,6.2,84.6,1,0,0,0
2025-08-15,29.5,74.1,2.4,5.3,71.9,28.5,0.1,1.3,3.0,72.6,25.6,60.7,1.5,7.3,95.9,28.6,0.0,2.4,4.3,79.1,1,0,1,0
2025-08-16,29.4,74.1,2.5,5.7,72.3,29.0,0.1,0.6,2.2,74.3,27.2,60.7,2.4,4.3,90.0,28.5,0.0,2.3,4.7,77.9,1,0,1,0
2025-08-17,29.1,74.1,3.4,5.6,74.3,28.4,0.1,0.1,1.1,71.1,27.3,0.0,2.4,4.0,88.6,28.6,0.0,3.3,6.3,76.4,1,0,0,0
2025-08-18,29.1,74.1,3.4,6.0,73.8,29.4,0.1,0.6,2.1,65.1,27.9,0.0,3.2,5.6,89.3,28.2,0.0,3.0,5.3,81.5,1,0,0,0
2025-08-19,29.0,74.1,4.6,7.4,74.6,29.5,0.1,1.6,4.4,67.1,28.1,0.0,3.1,5.1,88.5,28.3,0.0,2.7,6.0,80.3,1,0,0,0
2025-08-20,29.0,74.1,4.1,6.7,75.5,29.0,0.1,2.1,4.5,69.8,28.3,0.0,3.0,4.8,85.9,28.4,0.0,2.2,6.3,80.6,1,0,0,0
2025-08-21,29.7,74.1,2.6,5.7,70.5,28.3,0.1,1.2,2.7,72.1,28.6,0.0,2.3,4.2,82.1,28.7,0.0,2.0,4.9,75.0,1,0,0,0
2025-08-22,29.5,74.1,2.3,5.7,74.8,28.8,0.1,1.4,4.4,74.4,28.3,0.0,2.3,4.5,84.6,28.6,0.0,2.9,7.2,77.0,1,0,0,0
2025-08-23,29.7,74.1,3.2,5.5,73.3,30.1,0.1,1.4,2.9,66.0,28.7,0.0,2.2,4.2,85.1,28.7,0.0,3.4,6.4,77.4,1,0,0,0
2025-08-24,29.6,74.1,3.2,6.2,75.8,29.7,0.1,1.3,3.1,67.8,29.2,0.0,1.9,4.3,79.5,28.6,0.0,3.1,5.5,81.0,1,0,0,0
2025-08-25,29.4,74.1,4.5,7.4,74.1,29.7,0.1,2.3,6.0,67.8,28.5,4.2,3.7,6.1,87.3,28.6,0.0,3.1,6.1,80.5,1,0,0,0
2025-08-26,29.0,74.1,4.2,7.5,75.9,29.4,0.0,2.8,6.5,65.0,26.9,10.0,3.0,6.0,86.6,28.3,0.0,3.8,7.7,82.0,1,0,0,0
2025-08-27,28.7,74.1,2.5,5.0,71.1,26.8,0.0,2.2,5.0,72.9,26.5,10.0,1.8,4.3,77.3,28.2,0.0,2.3,4.7,79.0,1,0,0,0
2025-08-28,28.6,74.1,2.4,4.7,74.9,26.4,2.4,1.4,3.8,81.4,27.6,10.0,2.8,5.6,78.9,27.9,0.0,2.2,4.1,79.0,1,0,0,0
2025-08-29,29.3,74.1,3.6,6.5,72.8,29.6,2.4,1.8,3.9,65.8,28.4,2.3,3.8,6.1,89.5,28.2,0.0,3.0,6.9,80.8,1,0,0,0
2025-08-30,29.7,74.1,3.3,5.7,70.1,29.4,2.4,1.4,3.0,67.8,28.2,0.8,2.6,4.5,86.4,28.7,0.0,2.8,5.6,78.9,1,0,0,0
2025-08-31,28.2,0.9,2.7,4.9,80.6,27.9,0.5,1.8,3.8,74.3,28.0,0.0,2.6,6.1,82.9,26.3,36.8,1.8,5.9,88.0,0,0,0,0
2025-09-01,26.5,6.6,4.1,8.8,86.8,27.1,0.5,2.9,5.7,79.5,26.2,10.8,3.3,5.8,88.8,26.5,1.6,1.5,4.9,91.9,0,0,0,0
2025-09-02,26.5,0.2,2.9,6.7,85.1,25.7,6.7,1.3,5.5,84.6,25.7,10.8,1.8,3.3,80.4,27.4,0.0,1.9,5.3,85.3,0,0,0,0
2025-09-03,27.6,0.2,2.4,3.9,73.1,25.4,6.7,1.9,4.7,79.6,27.7,10.8,1.7,3.3,72.6,27.4,0.0,2.4,5.3,80.9,0,0,0,0
2025-09-04,28.7,0.2,2.7,4.6,73.8,26.4,0.1,2.4,5.7,82.3,25.7,35.7,2.6,4.5,85.5,28.1,0.8,3.4,6.3,74.9,0,0,0,0
2025-09-05,28.2,0.2,2.5,5.1,68.8,26.1,0.2,2.5,4.8,73.3,27.8,35.7,2.4,4.5,74.0,27.8,0.8,2.4,4.6,74.5,0,0,0,0
2025-09-06,28.6,0.2,3.7,7.7,73.8,27.9,0.2,2.5,6.0,69.9,26.5,17.5,3.6,9.2,92.4,28.0,0.8,3.3,9.2,80.6,0,0,0,0
2025-09-07,28.6,0.9,5.4,8.4,76.5,28.5,0.0,2.2,5.4,69.6,25.1,0.0,2.0,4.8,82.1,26.8,5.9,2.7,7.1,88.8,0,0,0,0
2025-09-08,27.2,0.9,2.2,4.9,74.1,26.1,0.0,1.5,3.2,69.9,24.6,0.0,1.6,4.0,76.8,26.3,5.9,1.5,4.4,74.5,0,0,0,0
2025-09-09,23.8,2.2,2.2,5.6,79.0,20.5,17.2,2.0,4.3,88.1,24.3,0.0,1.5,3.4,75.1,21.9,2.1,5.4,9.3,83.5,0,0,0,0
2025-09-10,24.9,2.2,2.6,4.1,73.6,22.4,0.0,2.4,4.9,81.1,25.2,0.0,2.3,4.1,65.3,24.0,2.1,4.6,7.9,79.1,0,0,0,0
2025-09-11,26.0,2.2,3.4,5.2,70.1,23.6,0.2,2.8,5.5,79.3,26.4,0.0,2.1,4.7,55.5,25.1,2.1,5.6,9.2,70.5,0,0,0,0
2025-09-12,26.5,0.0,2.8,4.9,73.9,23.9,0.1,2.4,4.1,82.5,23.9,5.6,2.7,4.7,69.4,24.9,0.0,5.2,9.7,77.6,0,0,0,0
2025-09-13,25.9,28.7,4.2,9.1,86.0,23.8,11.5,1.9,4.5,90.0,22.8,36.7,2.5,5.4,86.1,25.7,11.3,3.9,8.5,91.0,0,0,0,0
2025-09-14,25.8,0.0,2.6,5.1,78.8,23.3,0.1,0.9,2.2,87.1,24.3,36.7,1.7,3.7,78.9,25.9,0.0,2.5,4.2,78.4,0,0,0,0
2025-09-15,27.4,0.0,2.1,4.8,76.4,25.8,0.1,1.1,2.5,78.6,25.4,36.7,1.3,3.1,81.3,25.3,10.4,1.4,4.3,87.1,0,0,0,0
2025-09-16,28.2,0.0,3.5,7.0,77.8,27.5,0.0,2.0,4.9,77.0,24.0,17.0,2.2,5.6,92.5,26.8,10.4,2.9,6.7,86.4,0,0,0,0
2025-09-17,27.5,3.5,4.7,8.0,78.8,26.9,0.0,2.1,6.3,75.4,22.1,51.9,2.5,5.5,95.4,26.4,2.5,3.2,12.9,85.6,0,0,1,0
2025-09-18,23.0,0.0,2.8,5.0,72.9,21.4,0.0,2.6,4.5,74.8,22.0,51.9,2.4,4.1,77.5,23.9,2.5,3.4,7.2,75.6,0,0,1,0
2025-09-19,23.5,0.0,2.8,4.5,66.3,21.5,0.0,2.1,4.0,68.9,19.7,13.8,2.5,4.2,82.5,22.8,2.5,4.8,7.6,70.4,0,0,0,0
2025-09-20,25.1,7.2,3.2,7.2,74.5,21.8,1.5,1.6,4.8,81.1,19.5,30.5,2.5,4.6,89.8,23.9,6.6,4.1,8.5,77.4,0,0,0,0
2025-09-21,22.5,7.2,2.8,5.2,66.9,20.4,1.5,2.8,5.5,73.9,21.4,30.5,2.4,4.1,68.8,22.4,6.6,3.6,7.6,69.1,0,0,0,0
2025-09-22,22.5,7.2,3.5,5.7,61.0,20.8,1.5,2.8,4.8,63.4,21.7,30.5,2.2,4.3,60.3,22.5,6.6,6.2,8.8,60.0,0,0,0,0
2025-09-23,23.5,7.2,3.0,4.9,62.5,21.5,0.0,2.5,5.4,66.9,23.0,30.5,2.4,3.9,54.8,23.0,6.6,5.5,7.8,59.4,0,0,0,0
2025-09-24,25.4,0.2,2.8,4.7,82.3,23.0,8.2,1.2,4.2,88.3,21.8,25.3,3.0,5.8,85.6,24.5,0.8,3.3,7.6,79.5,0,0,0,0
2025-09-25,25.2,2.0,2.1,3.8,87.6,23.5,2.6,1.3,2.9,93.1,22.1,0.6,1.5,3.1,87.1,23.9,5.5,1.7,7.2,91.5,0,0,0,0
2025-09-26,24.8,2.0,2.2,4.8,72.6,22.4,2.6,1.9,4.8,74.3,21.9,0.6,1.9,3.5,82.5,24.5,0.0,1.8,4.9,84.8,0,0,0,0
2025-09-27,24.7,0.0,2.5,4.9,67.1,22.4,2.6,1.9,4.9,73.5,23.2,0.6,1.9,3.7,77.5,23.9,6.7,3.0,5.2,77.4,0,0,0,0
2025-09-28,24.3,2.2,2.9,6.5,75.0,22.3,0.2,2.1,5.1,79.1,20.3,48.5,2.0,4.0,88.6,23.8,0.3,3.5,10.1,80.3,0,0,0,0
2025-09-29,22.7,2.2,2.2,4.1,66.6,20.7,0.2,2.0,4.5,72.8,19.9,48.5,1.6,3.3,77.1,22.3,0.3,2.5,8.6,69.6,0,0,0,0
2025-09-30,22.6,2.2,1.8,4.3,66.4,20.1,0.2,1.2,3.1,75.1,19.9,48.5,1.3,3.1,80.8,21.7,0.3,1.6,4.0,76.1,0,0,0,0
2025-10-01,23.6,2.2,2.1,5.2,59.9,21.3,0.2,1.5,3.2,66.5,20.4,3.2,1.9,5.7,83.5,22.1,0.3,2.3,4.5,70.1,0,0,0,0
2025-10-02,23.1,0.0,1.4,3.4,63.5,21.1,0.2,1.4,2.7,72.0,21.1,3.2,1.4,2.3,78.5,21.3,2.0,2.3,6.0,71.1,0,0,0,0
2025-10-03,19.7,70.7,2.4,4.2,92.5,19.1,45.6,1.4,2.5,94.6,21.1,2.2,2.9,5.1,76.9,18.6,100.2,5.2,8.7,93.6,1,0,0,1
2025-10-04,22.5,1.0,1.6,4.4,87.4,21.2,1.0,1.2,3.0,90.5,22.4,0.0,2.0,4.5,77.9,22.5,0.7,2.0,6.3,89.9,0,0,0,0
2025-10-05,23.5,1.0,1.9,4.0,79.1,21.5,1.5,1.3,3.0,86.6,21.9,7.7,1.2,2.5,91.8,23.8,0.7,2.0,5.3,85.1,0,0,0,0
2025-10-06,21.8,2.3,2.5,3.6,86.3,19.7,13.5,1.5,3.5,95.3,18.0,37.8,4.0,7.5,95.1,22.3,0.0,2.8,5.4,89.8,0,0,0,0
2025-10-07,22.7,0.6,2.4,3.6,86.0,20.9,15.0,1.7,2.9,94.9,17.8,7.1,3.4,6.7,98.3,22.3,4.1,3.2,6.4,91.0,0,0,0,0
2025-10-08,22.9,0.6,2.9,4.6,74.3,21.4,0.0,2.5,4.1,82.8,20.7,0.0,2.2,4.2,77.1,22.8,4.1,3.3,6.1,82.4,0,0,0,0
2025-10-09,21.6,0.0,3.1,4.9,71.5,20.0,0.5,2.6,4.7,76.5,20.3,0.4,2.7,4.5,71.8,22.1,4.1,5.7,8.7,69.3,0,0,0,0
2025-10-10,22.1,0.0,2.8,4.1,67.5,20.6,0.5,1.9,3.9,71.4,17.8,26.1,2.4,4.4,95.6,21.6,4.1,4.4,7.9,70.9,0,0,0,0
2025-10-11,23.8,0.0,2.5,3.8,72.6,22.3,0.5,1.2,2.7,78.5,20.6,21.2,3.5,6.7,97.0,23.0,4.1,3.3,5.6,74.3,0,0,0,0
2025-10-12,22.9,0.5,2.5,4.7,74.8,19.7,0.2,1.7,4.0,87.4,18.5,0.3,2.2,4.6,91.0,23.8,4.1,2.9,5.9,80.6,0,0,0,0
2025-10-13,21.3,0.0,2.2,3.6,80.3,18.0,1.2,1.4,3.1,93.5,16.1,20.9,3.1,5.6,95.3,22.3,0.2,2.5,5.4,87.1,0,0,0,0
2025-10-14,19.8,9.8,2.5,4.2,83.9,18.2,37.7,1.9,3.9,91.8,17.7,0.1,2.8,5.0,82.9,21.6,11.4,4.1,7.3,86.4,0,0,0,0
2025-10-15,21.8,9.8,3.0,4.6,75.4,20.3,0.5,1.9,4.3,81.8,20.4,3.8,2.5,4.3,77.6,20.7,0.9,5.4,7.7,81.5,0,0,0,0
2025-10-16,21.4,21.5,2.2,4.5,83.6,19.7,13.9,2.2,4.4,86.5,20.2,1.3,2.9,6.0,78.0,22.2,41.8,3.4,7.7,82.9,0,0,0,0
2025-10-17,21.6,21.5,2.7,4.7,72.4,19.9,0.4,2.2,4.9,77.3,20.0,14.4,2.6,4.4,77.6,21.5,0.0,4.8,7.8,72.0,0,0,0,0
2025-10-18,20.6,11.3,2.7,5.2,85.1,18.4,3.5,1.9,4.2,91.6,14.4,9.4,3.1,7.4,89.0,21.1,0.0,3.3,7.1,78.6,0,0,0,0
2025-10-19,19.1,11.3,2.7,4.4,72.4,16.9,0.6,1.5,3.0,83.6,13.6,9.4,2.7,7.6,76.1,18.9,0.0,4.2,8.8,75.3,0,0,0,0
2025-10-20,17.7,11.3,2.9,5.1,70.3,15.1,0.0,2.6,4.6,81.8,9.0,9.4,3.5,5.6,60.4,17.2,0.0,4.6,8.0,61.9,0,0,0,0
2025-10-21,16.7,11.3,3.7,5.5,72.6,14.2,0.9,2.8,4.7,88.0,9.0,9.4,2.6,3.9,57.8,16.4,0.0,5.5,8.3,67.1,0,0,0,0
2025-10-22,17.4,1.8,3.6,6.0,76.1,14.5,16.0,2.7,4.2,90.3,12.8,9.4,2.4,3.5,68.8,17.8,0.0,6.3,9.4,66.0,0,0,0,0
2025-10-23,17.6,0.4,2.9,3.9,69.9,15.0,0.8,2.3,3.5,88.1,14.8,9.4,2.3,5.2,73.4,18.4,0.0,4.1,8.4,65.0,0,0,0,0
2025-10-24,17.1,5.8,3.0,4.7,80.4,15.2,20.0,2.3,4.4,87.6,14.9,9.4,2.1,3.5,73.5,18.2,0.0,4.8,7.6,66.0,0,0,0,0
2025-10-25,18.5,5.8,2.4,3.8,70.8,16.1,0.1,2.0,3.5,83.3,14.1,9.4,2.4,4.3,65.1,18.8,0.0,3.4,6.6,64.1,0,0,0,0
2025-10-26,16.3,0.0,2.1,4.6,60.4,14.2,0.3,2.1,3.7,71.1,12.8,1.3,1.9,5.8,68.9,16.5,0.0,4.5,9.8,57.3,0,0,0,0
2025-10-27,12.9,0.0,2.4,5.5,41.0,10.8,0.3,2.3,5.0,47.3,8.0,1.3,3.7,6.4,44.1,12.4,0.0,5.6,11.3,46.1,0,0,0,0
2025-10-28,11.2,0.0,2.1,4.1,35.4,8.5,0.3,1.9,4.5,43.6,8.5,1.3,1.6,2.9,47.1,11.5,0.0,3.0,7.2,43.3,0,0,0,0
2025-10-29,13.8,0.0,2.0,3.6,45.5,10.6,0.3,1.9,3.7,58.1,12.2,1.3,1.8,3.6,63.5,13.2,0.0,4.0,7.1,49.8,0,0,0,0
2025-10-30,15.8,0.0,1.5,3.3,57.8,12.9,0.3,1.5,3.3,64.4,13.4,1.3,1.6,3.3,67.0,14.9,0.0,4.0,6.2,55.1,0,0,0,0
2025-10-31,16.4,0.0,1.8,3.5,62.8,13.4,0.3,1.6,3.7,68.1,14.5,0.5,1.8,3.9,78.1,15.8,0.0,3.5,6.2,55.6,0,0,0,0
2025-11-01,15.7,0.0,2.9,7.0,49.9,14.0,0.0,2.5,6.2,57.6,12.9,1.1,2.8,7.2,68.0,15.2,0.0,4.7,10.3,59.5,0,0,0,0
2025-11-02,13.8,0.0,4.5,9.0,45.1,12.4,0.0,2.2,4.8,48.9,8.1,1.1,4.0,7.1,54.8,13.2,0.0,5.8,12.3,52.5,0,0,0,0
2025-11-03,12.4,0.0,2.9,5.3,51.6,9.8,0.0,2.4,4.5,57.8,6.6,1.1,1.8,4.1,55.4,11.0,0.0,4.1,8.3,52.8,0,0,0,0
2025-11-04,15.5,0.0,1.7,3.8,58.1,12.2,0.0,1.2,2.7,71.4,9.7,1.1,1.6,2.8,65.4,15.1,0.0,3.3,7.0,61.8,0,0,0,0
2025-11-05,16.3,0.0,1.7,3.5,64.6,13.4,0.0,1.4,3.0,74.6,11.9,1.1,2.0,3.4,66.1,15.2,0.0,3.1,6.8,65.5,0,0,0,0
2025-11-06,16.8,0.0,2.2,4.1,65.4,14.5,0.0,2.0,4.6,72.4,12.6,1.1,2.0,3.4,72.9,15.9,0.0,2.9,6.1,58.6,0,0,0,0
2025-11-07,16.9,0.0,2.8,3.9,61.6,14.4,0.0,1.7,4.5,70.4,14.1,1.1,2.1,4.1,69.0,16.7,0.0,3.7,6.2,64.1,0,0,0,0
2025-11-08,16.2,11.5,2.6,4.3,69.8,15.4,4.0,1.8,4.3,68.6,14.6,1.1,1.9,3.6,68.6,15.4,21.7,5.8,10.4,73.8,0,0,0,0
2025-11-09,15.3,11.7,2.1,7.0,69.4,14.3,14.1,2.2,4.9,66.3,13.3,1.1,3.3,7.3,69.0,15.2,4.3,4.2,9.3,65.8,0,0,0,0
2025-11-10,12.6,11.7,2.4,4.6,39.1,10.7,14.1,2.2,7.2,35.3,8.3,1.1,3.2,6.8,37.5,12.1,4.3,4.2,9.4,46.4,0,0,0,0
2025-11-11,12.9,11.7,2.8,7.1,41.4,10.1,14.1,2.0,3.7,45.0,9.2,1.1,1.5,3.4,58.8,11.7,4.3,3.2,7.0,43.5,0,0,0,0
2025-11-12,14.0,11.7,2.4,5.8,56.3,11.4,14.1,1.6,2.9,62.1,11.0,1.1,1.5,3.4,70.1,12.8,4.3,3.5,6.8,50.1,0,0,0,0
2025-11-13,14.5,11.7,3.1,6.4,42.1,12.6,14.1,1.9,3.3,49.6,11.4,1.1,2.3,3.9,66.1,13.2,4.3,2.2,7.3,57.9,0,0,0,0
2025-11-14,14.4,11.7,2.7,5.4,42.5,12.3,14.1,2.1,3.3,46.0,9.7,1.1,2.1,4.1,54.3,12.5,4.3,4.2,9.5,54.5,0,0,0,0
2025-11-15,14.1,11.7,1.8,4.7,52.5,11.4,14.1,1.8,3.1,54.5,10.2,1.1,1.6,3.0,55.6,12.0,4.3,2.2,7.4,52.5,0,0,0,0
2025-11-16,15.5,11.7,2.1,5.4,63.9,12.4,14.1,1.1,4.1,65.9,12.2,0.2,2.8,7.2,63.0,14.7,4.3,2.6,5.9,61.5,0,0,0,0
2025-11-17,10.9,11.7,2.5,4.9,41.1,9.4,14.1,2.7,5.6,38.9,3.0,0.2,4.8,8.8,44.3,9.2,4.3,7.2,13.4,46.0,0,0,0,0
2025-11-18,5.8,11.7,3.0,5.6,41.6,4.1,14.1,3.6,8.8,42.1,1.9,0.2,3.1,5.7,50.0,5.9,4.3,4.5,9.9,50.8,0,0,0,0
2025-11-19,6.9,11.7,2.5,4.2,46.1,5.1,14.1,1.8,3.2,47.6,3.1,0.2,1.8,4.5,54.6,6.9,4.3,4.9,8.0,53.8,0,0,0,0
2025-11-20,10.3,11.7,3.8,6.5,48.0,9.2,14.1,2.2,5.7,51.8,7.7,0.2,3.7,8.3,63.4,10.3,4.3,3.9,8.3,60.4,0,0,0,0
2025-11-21,10.5,11.7,2.6,5.4,42.6,8.7,14.1,2.5,5.7,39.4,8.0,0.2,3.0,6.4,57.8,10.4,4.3,4.8,9.2,47.6,0,0,0,0
2025-11-22,11.3,11.7,3.2,6.1,49.3,9.8,14.1,1.5,2.8,54.0,10.9,0.2,2.2,4.2,63.1,10.3,4.3,2.6,6.0,56.8,0,0,0,0
2025-11-23,12.5,11.7,3.5,6.5,51.0,10.8,14.1,1.4,3.4,50.1,11.5,0.2,3.3,5.5,77.6,11.0,4.3,2.4,5.0,66.3,0,0,0,0
2025-11-24,14.4,11.7,2.5,6.1,62.2,12.9,14.1,1.7,4.5,50.0,12.1,0.2,3.1,5.8,79.0,13.5,4.3,2.6,5.7,74.0,0,0,0,0
2025-11-25,11.2,0.8,3.8,9.7,56.5,9.3,0.0,2.3,5.5,61.6,7.1,4.1,3.7,8.4,80.0,9.9,0.2,5.7,12.9,66.1,0,0,0,0
2025-11-26,10.3,0.8,3.6,9.2,58.0,8.9,0.0,1.9,4.5,64.8,6.5,4.1,1.6,3.5,68.3,9.3,0.2,3.2,6.7,60.6,0,0,0,0
2025-11-27,10.5,1.3,5.3,10.6,58.6,9.6,0.0,2.6,7.2,57.3,5.6,11.4,4.6,7.9,78.3,8.5,2.1,4.3,11.6,66.1,0,0,0,0
2025-11-28,7.4,1.3,3.0,8.2,38.0,5.8,0.0,2.6,5.9,34.5,2.4,11.4,2.1,6.9,53.9,7.6,2.1,4.7,8.5,46.9,0,0,0,0
2025-11-29,10.6,1.3,2.6,7.2,52.4,8.2,0.0,1.5,5.1,51.6,7.9,0.0,3.3,5.8,63.9,9.9,2.1,1.8,4.5,61.5,0,0,0,0
2025-11-30,16.1,1.3,5.0,10.1,64.5,14.6,0.0,2.3,5.3,61.4,12.4,0.0,3.1,6.4,88.5,14.3,2.1,2.8,6.5,77.3,0,0,0,0
2025-12-01,13.5,1.3,2.8,7.7,45.6,11.6,0.0,2.4,4.3,38.1,4.9,0.0,3.2,7.0,56.6,11.7,2.1,4.5,8.9,46.6,0,0,0,0
2025-12-02,8.2,1.3,2.9,7.1,28.3,5.8,0.0,3.1,5.8,29.9,-0.6,0.0,4.2,7.3,50.0,6.9,2.1,5.3,10.8,39.8,0,0,0,0
2025-12-03,2.0,1.3,3.0,7.1,35.5,-0.2,0.0,3.6,7.2,35.6,-6.3,0.0,4.2,7.7,45.5,1.7,2.1,5.9,12.1,48.6,0,0,0,0
2025-12-04,2.1,1.3,1.1,4.7,44.6,0.6,0.0,2.5,6.1,42.0,-3.2,1.0,3.6,9.7,52.9,3.3,0.0,3.8,7.1,55.5,0,0,0,0
2025-12-05,3.3,1.3,2.9,5.9,30.5,1.8,0.0,3.0,6.8,29.6,-1.5,1.0,2.8,7.1,52.3,3.3,0.0,5.1,11.0,39.5,0,0,0,0
2025-12-06,6.0,1.3,3.5,6.1,42.8,4.6,0.0,1.9,3.9,39.9,5.0,0.2,3.9,6.1,71.8,5.3,0.0,2.7,7.1,59.6,0,0,0,0
2025-12-07,11.3,1.3,4.0,7.0,64.6,9.4,0.0,1.5,3.6,59.3,9.1,0.2,3.3,7.3,75.4,11.3,0.0,4.4,7.6,67.0,0,0,0,0
2025-12-08,8.8,1.3,3.0,7.1,28.3,7.0,0.0,2.6,5.7,29.0,3.3,0.2,3.1,5.8,47.8,8.4,0.0,6.2,10.5,33.9,0,0,0,0
2025-12-09,6.1,1.3,2.9,5.8,30.5,4.3,0.0,2.6,4.7,35.9,3.7,0.2,2.2,4.1,59.1,5.8,0.0,4.0,7.7,43.5,0,0,0,0
2025-12-10,8.6,1.3,2.4,4.8,43.3,6.5,0.0,1.3,3.2,48.1,6.4,0.2,2.8,5.1,79.3,7.6,0.0,1.4,4.4,54.4,0,0,0,0
2025-12-11,11.5,0.0,3.7,6.7,47.9,9.8,0.0,2.2,6.1,47.8,3.6,15.5,3.8,7.6,70.6,10.1,0.3,4.2,12.3,60.3,0,0,0,0
2025-12-12,6.9,0.0,3.4,5.1,66.4,4.4,3.4,2.8,5.1,85.9,1.2,15.5,3.0,4.6,56.5,7.1,0.3,5.6,10.6,54.3,0,0,0,0
2025-12-13,8.1,0.8,2.4,5.9,72.3,5.9,5.8,1.9,4.9,85.4,2.5,8.3,2.2,4.6,84.4,6.9,9.7,6.4,12.4,71.5,0,0,0,0
2025-12-14,4.6,0.8,3.4,8.1,55.6,3.6,5.8,3.9,7.9,52.1,0.5,0.0,3.0,5.3,71.1,4.3,9.7,5.6,11.6,62.4,0,0,0,0
2025-12-15,5.3,0.8,1.4,4.2,52.4,4.0,5.8,2.0,4.0,53.3,1.8,0.0,2.2,3.8,70.1,5.1,9.7,2.4,5.1,63.0,0,0,0,0
2025-12-16,8.3,0.0,0.7,4.0,55.9,6.3,5.8,1.5,3.1,59.6,4.9,0.7,2.1,4.1,88.3,7.6,0.5,1.4,3.3,71.5,0,0,0,0
2025-12-17,9.3,0.8,2.2,6.2,58.6,7.8,0.0,2.4,6.0,56.1,3.4,0.7,2.5,4.3,74.4,8.0,0.2,5.0,10.4,63.6,0,0,0,0
2025-12-18,8.5,0.8,1.3,6.3,38.1,6.4,0.0,2.2,4.8,43.3,2.6,0.7,1.8,3.6,62.1,6.4,0.2,2.1,7.7,54.8,0,0,0,0
2025-12-19,12.9,0.0,0.8,5.3,70.3,10.3,0.0,1.2,4.7,74.9,6.4,0.7,2.1,3.5,65.8,10.3,0.2,1.4,3.1,70.3,0,0,0,0
2025-12-20,15.4,0.0,1.8,5.4,76.9,13.2,0.0,1.5,4.8,78.9,7.7,0.3,3.1,5.9,78.1,12.1,0.0,2.2,11.1,80.1,0,0,0,0
2025-12-21,5.7,0.0,2.7,6.7,30.8,3.6,0.0,3.2,5.8,27.6,-1.4,0.3,3.7,7.2,45.3,4.1,0.0,6.6,10.9,37.3,0,0,0,0
2025-12-22,6.3,0.0,1.2,4.4,45.1,3.5,0.0,2.3,4.9,49.0,-0.7,0.3,1.9,4.3,47.6,4.7,0.0,4.3,7.7,44.3,0,0,0,0
2025-12-23,10.1,0.6,0.1,2.4,68.5,7.1,0.2,1.0,2.8,71.3,2.6,10.3,2.3,5.6,73.6,8.4,1.0,3.5,7.3,68.4,0,0,0,0
2025-12-24,9.1,13.0,1.4,5.1,92.3,7.3,7.5,2.6,4.9,91.9,1.6,10.3,3.3,6.0,83.0,7.9,3.7,4.3,9.4,85.3,0,0,0,0
2025-12-25,2.8,13.0,4.7,9.5,43.5,1.6,7.5,3.9,8.1,44.6,-3.8,10.3,5.3,8.8,54.4,1.6,0.0,8.4,13.8,49.3,0,0,0,0
2025-12-26,-3.0,13.0,3.5,4.2,23.0,-4.3,7.5,3.4,6.5,23.5,-8.3,10.3,3.4,6.8,42.5,-3.2,0.0,7.0,12.0,32.8,0,0,0,0
2025-12-27,1.3,13.0,2.7,5.3,40.0,0.3,7.5,2.2,6.5,41.6,-2.3,0.0,2.1,3.7,65.6,1.5,0.0,2.6,6.0,47.3,0,0,0,0
2025-12-28,6.4,13.0,2.8,6.5,50.8,4.1,7.5,1.7,4.6,55.5,3.2,1.0,2.8,5.6,85.3,5.7,0.0,1.9,4.6,54.0,0,0,0,0
2025-12-29,10.0,0.0,4.4,8.2,56.6,8.6,0.0,1.9,5.9,55.8,4.6,0.7,3.1,5.5,76.1,8.7,0.4,3.0,5.8,67.4,0,0,0,0
2025-12-30,5.5,0.0,2.4,5.7,35.3,3.6,0.0,2.4,5.7,37.9,-0.5,0.0,3.3,5.3,42.9,5.1,0.4,3.2,6.9,43.1,0,0,0,0
2025-12-31,1.2,0.0,2.6,5.5,28.4,-0.5,0.0,2.8,4.9,29.5,-6.1,0.0,4.4,7.4,42.6,0.7,0.4,6.2,10.2,32.8,0,0,0,0
2026-01-01,-1.8,0.0,2.9,5.2,23.1,-3.3,0.0,3.6,5.8,25.5,-7.6,0.0,4.0,7.2,43.3,-2.7,0.4,5.1,9.1,31.6,0,0,0,0
2026-01-02,-2.7,0.0,3.3,7.7,32.4,-3.7,0.0,3.2,5.5,31.5,-8.4,0.0,3.2,6.1,48.9,-2.5,0.4,6.0,11.2,49.1,0,0,0,0
2026-01-03,0.5,0.0,3.0,5.3,38.8,-0.8,0.0,3.4,6.5,42.9,-4.0,0.0,1.4,3.4,59.4,1.5,0.4,6.6,12.9,51.0,0,0,0,0
2026-01-04,4.6,0.0,2.6,5.4,49.9,4.9,0.0,2.5,5.0,44.6,0.0,0.0,1.9,4.5,68.6,4.9,0.4,4.6,8.2,52.6,0,0,0,0
2026-01-05,4.5,0.0,2.5,5.3,33.5,3.0,0.0,2.6,5.2,31.4,-2.0,0.0,3.6,6.1,47.9,3.9,0.4,7.2,10.9,41.5,0,0,0,0
2026-01-06,4.2,0.0,2.9,5.1,19.4,2.2,0.0,2.0,4.1,23.9,0.1,0.0,2.3,4.8,56.4,3.4,0.4,4.4,9.6,30.8,0,0,0,0
2026-01-07,5.0,0.0,3.9,8.0,37.6,4.2,0.0,2.3,5.0,39.0,-0.1,0.0,4.6,8.3,52.4,3.8,0.4,5.9,10.4,55.0,0,0,0,0
2026-01-08,-0.1,0.0,2.4,6.1,26.1,-1.8,0.0,2.4,5.2,26.3,-4.9,0.0,3.6,8.2,40.4,-0.3,0.4,7.4,10.5,33.1,0,0,0,0
2026-01-09,2.9,0.0,3.8,7.7,38.5,1.8,0.0,2.0,3.6,35.6,1.1,0.0,3.8,6.1,68.1,2.6,0.4,3.3,7.3,56.9,0,0,0,0
2026-01-10,7.7,0.0,7.5,14.1,44.6,6.9,0.0,4.2,8.9,41.6,1.9,0.2,7.3,12.4,60.8,6.3,0.4,7.1,12.4,49.4,1,0,0,0
2026-01-11,-1.0,0.0,3.6,8.3,29.4,-2.0,0.0,3.8,7.2,24.9,-6.7,0.2,4.5,8.0,44.0,-1.4,0.0,5.7,9.9,42.8,0,0,0,0
2026-01-12,1.6,0.0,4.5,12.2,50.0,0.5,0.0,2.3,5.1,44.8,-2.5,1.8,3.3,6.1,73.1,1.1,0.0,2.3,7.3,60.3,0,0,0,0
2026-01-13,6.0,0.0,5.4,9.9,37.8,4.6,0.0,2.6,5.4,34.6,-3.6,1.8,4.2,7.4,57.0,4.7,0.0,6.7,13.4,48.3,0,0,0,0
2026-01-14,4.1,0.0,2.3,4.7,41.9,1.9,0.0,1.9,3.7,33.5,-2.5,1.8,2.1,4.1,43.1,2.6,0.0,2.2,7.3,49.4,0,0,0,0
2026-01-15,13.2,0.3,4.6,10.1,58.9,11.7,0.0,2.5,8.3,52.5,4.8,1.8,2.2,4.8,80.1,2.6,0.0,3.5,7.2,49.4,0,0,0,0
2026-01-16,11.2,0.3,2.3,5.4,43.3,8.7,0.0,1.7,3.9,47.0,2.6,0.0,2.0,4.5,87.1,8.8,0.0,2.3,7.9,49.6,0,0,0,0
2026-01-17,9.5,0.3,2.1,5.5,47.9,7.4,0.0,2.2,5.4,50.5,-1.5,0.0,2.9,4.8,67.5,8.6,0.0,2.6,7.3,50.6,0,0,0,0
2026-01-18,9.8,0.3,1.9,4.3,64.0,7.0,0.0,1.2,3.2,71.5,-0.7,0.0,2.9,4.9,64.5,8.6,0.0,2.6,6.2,66.6,0,0,0,0
2026-01-19,6.6,0.3,1.7,4.1,53.6,4.3,0.0,2.6,5.2,54.4,-4.9,0.5,4.6,9.0,55.6,3.8,0.0,6.6,13.3,54.4,0,0,0,0
2026-01-20,1.0,0.3,4.4,8.4,21.8,-0.5,0.0,3.6,6.4,27.8,-9.2,0.5,3.3,6.2,46.1,0.2,0.0,6.8,12.5,26.6,0,0,0,0
2026-01-21,-2.2,0.3,4.0,8.4,22.0,-3.9,0.0,3.4,8.5,24.4,-9.6,0.5,4.0,7.0,52.8,-3.6,0.0,8.1,17.2,42.5,0,0,0,1
2026-01-22,-3.7,0.3,3.8,6.8,26.0,-4.7,0.0,3.1,5.5,27.8,-8.8,0.5,3.7,6.3,47.6,-3.9,0.0,6.9,12.3,42.4,0,0,0,0
2026-01-23,-0.1,0.3,3.5,6.8,43.4,-1.1,0.0,3.4,7.3,40.3,-4.8,1.5,2.0,3.7,53.6,0.3,0.0,3.8,7.0,61.3,0,0,0,0
2026-01-24,1.3,0.3,4.0,6.9,34.9,-0.8,0.0,3.2,8.1,34.0,-5.4,1.5,3.3,6.4,45.8,0.8,0.0,6.9,11.7,47.1,0,0,0,0
2026-01-25,0.8,0.3,2.6,5.0,23.3,-0.8,0.0,3.0,6.0,20.9,-5.9,1.5,2.8,6.2,44.6,0.1,0.0,6.5,13.7,34.3,0,0,0,0
2026-01-26,2.7,0.3,1.9,4.9,28.1,1.3,0.0,2.0,3.9,26.4,-4.4,0.0,1.5,2.9,59.8,0.5,0.0,2.5,8.5,39.3,0,0,0,0
2026-01-27,2.5,0.3,2.5,5.7,29.5,1.1,0.0,3.3,6.5,32.0,-4.6,0.0,3.8,6.5,48.9,1.3,0.0,8.0,11.8,40.9,0,0,0,0
2026-01-28,1.2,0.3,2.8,5.3,18.8,-0.5,0.0,2.9,4.4,23.0,-5.0,0.0,3.8,6.8,41.1,0.6,0.0,5.9,12.1,28.1,0,0,0,0
2026-01-29,1.1,0.3,2.7,6.3,31.6,0.1,0.0,3.5,7.4,24.8,-5.3,0.0,2.8,6.0,42.6,0.6,0.0,5.6,10.6,40.3,0,0,0,0
2026-01-30,-0.5,0.3,2.7,6.3,21.4,-2.2,0.0,2.5,4.8,22.5,-6.5,0.0,3.0,5.3,43.0,-0.6,0.0,6.1,12.1,29.8,0,0,0,0
2026-01-31,2.4,0.3,2.7,6.3,18.3,0.3,0.0,2.6,5.4,22.5,-4.4,0.0,2.3,4.1,50.5,1.3,0.0,5.9,12.1,31.5,0,0,0,0
2026-02-01,2.2,0.3,2.7,6.3,34.3,0.4,0.0,2.4,4.9,33.8,-2.4,0.0,2.3,3.9,53.6,1.6,0.0,3.7,8.5,43.0,0,0,0,0
2026-02-02,1.6,0.3,2.7,6.3,36.5,-0.7,0.0,2.3,6.0,37.9,-2.7,1.2,2.9,4.8,66.4,0.3,0.2,5.8,10.5,50.1,0,0,0,0
2026-02-03,2.8,0.3,2.7,6.3,33.0,2.1,0.0,2.0,4.9,33.4,-1.2,1.2,1.8,4.0,62.6,2.6,0.2,5.2,12.3,50.0,0,0,0,0
2026-02-04,5.9,0.3,4.4,7.7,43.0,5.1,0.0,2.4,6.2,43.5,3.0,1.2,2.4,3.9,77.0,5.1,0.2,3.2,6.5,58.9,0,0,0,0
2026-02-05,8.9,0.3,2.9,6.4,54.1,8.1,0.0,1.8,5.1,44.3,2.8,1.2,3.1,7.4,71.8,7.9,0.2,2.8,7.5,59.8,0,0,0,0
2026-02-06,6.5,0.3,2.7,6.1,22.0,4.3,0.0,2.8,5.7,26.9,-7.3,1.2,4.4,6.6,36.0,4.4,0.2,6.9,12.7,28.8,0,0,0,0
2026-02-07,0.4,0.0,3.3,7.0,22.0,-1.3,0.0,3.8,7.4,16.1,-8.9,1.2,4.3,7.5,37.8,-2.5,0.2,7.9,13.0,32.4,0,0,0,0
2026-02-08,-3.8,0.0,4.4,8.5,27.4,-4.6,0.0,4.1,8.1,25.5,-8.5,1.2,3.7,6.9,41.9,-4.4,0.2,8.5,14.5,45.4,0,0,0,1
2026-02-09,1.6,0.0,3.2,5.6,36.3,1.3,0.0,2.2,6.5,28.8,-3.1,1.2,1.7,3.2,54.6,1.4,0.2,3.3,8.2,54.1,0,0,0,0
2026-02-10,4.6,0.0,3.4,6.6,63.6,4.4,0.0,1.7,3.6,47.9,1.2,0.3,2.0,3.9,79.1,3.7,1.2,1.8,5.7,77.6,0,0,0,0
2026-02-11,6.7,0.0,3.3,7.0,51.5,5.9,0.0,2.9,6.3,49.1,1.6,0.0,2.0,4.9,88.1,5.4,1.2,6.1,10.0,59.8,0,0,0,0
2026-02-12,6.8,0.0,2.9,6.1,36.9,5.2,0.0,2.9,6.3,32.8,2.6,0.0,2.3,4.6,76.8,5.1,1.2,3.8,8.2,47.5,0,0,0,0
2026-02-13,8.7,0.0,3.8,7.5,35.8,8.1,0.0,1.8,4.2,30.1,5.9,0.0,2.4,4.7,81.8,6.4,1.2,2.9,6.1,57.1,0,0,0,0
2026-02-14,11.7,0.0,3.5,6.8,63.4,9.3,0.0,1.9,5.5,42.9,7.7,0.0,1.6,3.3,80.3,9.0,1.2,1.4,3.3,69.6,0,0,0,0
2026-02-15,13.1,0.0,3.5,7.5,44.8,11.4,0.0,1.9,3.9,44.1,4.8,0.0,2.6,6.4,65.3,10.2,1.2,3.9,11.6,62.9,0,0,0,0
2026-02-16,8.7,0.0,3.0,7.9,48.4,5.5,0.5,2.9,6.0,58.4,1.0,0.0,3.3,5.3,47.5,6.6,1.2,4.6,10.7,35.6,0,0,0,0
2026-02-17,8.3,0.0,3.0,7.3,49.8,6.5,0.5,2.0,4.4,48.6,0.8,0.0,2.5,5.9,63.8,6.7,1.2,4.4,10.5,39.5,0,0,0,0
2026-02-18,6.6,0.0,2.8,6.5,33.6,5.1,0.5,3.1,6.1,39.9,2.4,0.0,3.2,6.3,57.3,5.4,1.2,5.8,9.9,39.8,0,0,0,0
2026-02-19,7.3,0.0,3.1,6.4,41.1,6.0,0.5,2.0,4.2,33.0,1.4,0.0,2.0,4.7,63.3,5.1,1.2,4.0,8.3,39.3,0,0,0,0
2026-02-20,9.5,0.0,4.0,8.8,34.8,9.1,0.5,2.5,4.9,27.6,6.0,0.0,3.3,5.7,62.6,7.9,1.2,3.8,6.9,52.8,0,0,0,0
2026-02-21,12.3,0.0,5.5,9.8,58.3,11.3,0.5,3.0,7.7,50.8,10.9,0.0,5.3,8.2,54.4,10.1,1.2,2.2,5.8,67.8,0,0,0,0
2026-02-22,14.7,0.0,6.9,13.2,57.3,15.4,0.5,5.4,10.0,39.8,6.5,0.0,5.1,8.4,55.9,11.8,1.2,4.7,10.8,54.3,0,0,0,0
2026-02-23,7.7,0.0,3.1,7.4,22.9,6.1,0.5,2.2,5.6,25.4,1.6,0.0,2.8,5.3,35.4,6.2,1.2,3.0,10.3,45.4,0,0,0,0
2026-02-24,5.9,31.7,3.2,5.7,63.8,4.5,22.1,2.7,4.5,60.6,2.2,0.0,2.4,5.1,34.0,5.1,30.2,6.3,9.5,60.9,0,0,0,0
2026-02-25,9.3,0.1,4.2,6.6,64.8,8.2,0.6,4.1,6.8,67.6,6.0,0.0,2.1,4.1,40.5,8.0,30.2,7.2,9.9,65.4,0,0,0,0
2026-02-26,9.8,0.1,3.1,4.8,69.3,8.8,0.6,2.6,4.2,71.4,7.5,0.0,2.3,5.2,56.6,9.2,30.2,5.8,8.8,62.6,0,0,0,0
2026-02-27,8.0,8.5,3.3,4.6,79.9,7.3,5.1,2.8,4.3,77.4,8.6,0.0,3.1,5.4,57.3,8.7,6.7,4.8,8.6,80.3,0,0,0,0
2026-02-28,8.0,8.5,3.4,5.2,63.9,6.5,5.1,2.6,4.8,69.0,7.6,0.0,2.0,3.5,59.4,8.7,6.7,3.4,6.8,67.9,0,0,0,0
2026-03-01,9.5,8.5,4.1,6.1,59.6,8.2,5.1,3.0,5.5,61.8,9.1,0.0,3.4,6.7,54.3,8.8,0.0,6.9,10.4,62.4,0,0,0,0
2026-03-02,8.0,17.1,5.1,8.2,81.4,7.2,24.4,3.6,6.6,81.1,4.7,13.2,5.2,7.7,82.8,6.5,31.2,9.3,13.9,85.9,0,0,0,0
2026-03-03,8.2,1.5,4.2,6.7,69.6,6.9,1.3,3.7,6.7,78.4,4.7,1.1,3.9,6.2,73.9,8.7,31.2,5.3,9.8,67.0,0,0,0,0
2026-03-04,9.2,1.5,2.6,5.0,61.1,7.1,1.3,2.0,5.9,68.4,4.8,1.1,2.3,4.1,69.3,9.3,31.2,1.6,3.4,71.0,0,0,0,0
2026-03-05,9.7,0.0,2.3,5.2,64.8,8.2,1.3,1.6,3.3,70.0,4.6,11.0,1.9,3.8,69.9,9.9,0.1,2.5,5.5,71.4,0,0,0,0
2026-03-06,8.0,1.6,2.8,7.7,59.0,6.5,0.5,2.4,5.1,60.1,1.5,0.0,3.0,6.3,77.4,6.2,2.0,6.5,13.2,57.5,0,0,0,0
2026-03-07,4.6,1.6,2.8,5.6,38.4,3.4,0.5,2.7,5.2,39.4,0.5,0.0,3.2,5.2,48.9,3.3,2.0,7.6,14.3,42.1,0,0,0,1
2026-03-08,6.6,1.6,3.0,6.1,37.4,5.6,0.5,2.3,3.9,38.3,1.2,0.0,1.9,4.6,54.6,4.7,2.0,3.4,8.8,43.6,0,0,0,0
2026-03-09,6.9,1.6,3.4,6.3,36.1,5.2,0.5,2.8,4.9,43.0,4.2,0.0,3.3,6.5,62.4,5.5,2.0,6.1,9.2,46.5,0,0,0,0
2026-03-10,7.0,1.6,3.1,6.6,48.3,6.0,0.5,2.4,4.4,54.6,3.3,0.0,2.2,3.8,56.1,5.5,2.0,2.8,6.9,57.6,0,0,0,0
2026-03-11,9.0,1.6,2.8,5.8,45.5,7.1,0.5,1.7,3.8,56.6,3.7,0.0,1.6,3.1,70.6,6.8,2.0,1.9,4.3,56.0,0,0,0,0
2026-03-12,8.7,1.1,2.5,5.6,57.6,5.9,3.4,2.8,6.9,72.3,6.4,0.0,2.8,5.7,62.3,8.5,0.0,2.9,7.0,55.0,0,0,0,0
2026-03-13,6.7,0.1,4.0,6.8,57.6,4.8,4.0,3.2,5.5,72.3,6.9,0.0,2.7,6.3,46.8,7.7,0.0,5.8,9.5,46.5,0,0,0,0
2026-03-14,8.4,0.1,2.5,4.7,53.1,6.6,4.0,1.9,3.8,61.5,7.1,0.0,1.9,3.6,52.6,8.0,0.0,2.7,5.5,55.4,0,0,0,0
2026-03-15,10.4,0.1,2.1,6.4,49.0,8.3,4.0,1.6,3.3,53.9,6.2,0.0,2.0,4.5,74.0,8.8,0.0,2.8,7.7,56.5,0,0,0,0
2026-03-16,10.6,0.1,2.2,4.4,59.0,9.0,4.0,2.0,4.4,62.0,5.9,0.0,1.9,3.9,62.4,9.4,0.0,2.8,6.8,60.8,0,0,0,0
2026-03-17,11.9,0.1,1.7,4.4,61.0,10.0,4.0,1.7,4.3,66.6,6.8,0.0,2.0,3.4,57.1,11.4,0.0,1.8,4.2,68.6,0,0,0,0
2026-03-18,10.0,3.9,1.9,5.4,81.1,8.5,7.3,1.2,3.3,88.6,5.7,1.9,2.9,6.7,70.9,9.7,13.3,4.0,10.4,86.0,0,0,0,0
2026-03-19,10.7,3.9,2.8,6.0,56.1,8.2,7.3,2.5,5.6,61.5,5.4,1.9,3.2,6.6,51.1,8.9,13.3,4.4,12.2,53.4,0,0,0,0
2026-03-20,11.3,3.9,2.9,6.4,26.4,10.6,7.3,2.4,4.7,25.1,6.1,1.9,3.2,5.2,74.6,11.0,13.3,4.0,8.2,31.1,0,0,0,0
2026-03-21,12.7,3.9,3.8,7.4,53.4,11.3,7.3,2.0,4.3,61.1,6.2,1.9,2.1,4.5,65.6,11.0,13.3,2.5,5.0,54.8,0,0,0,0
2026-03-22,12.5,3.9,2.1,5.1,47.5,10.4,7.3,1.1,3.0,62.5,9.2,1.9,1.8,5.0,46.1,11.3,13.3,1.3,3.4,61.1,0,0,0,0
2026-03-23,13.3,3.9,3.0,6.3,49.9,11.2,7.3,2.6,5.4,50.6,10.2,1.9,2.1,4.6,45.6,11.9,13.3,2.7,5.9,51.1,0,0,0,0
2026-03-24,12.0,3.9,3.2,5.1,60.6,10.3,7.3,1.6,3.7,65.5,11.1,1.9,2.3,3.9,52.5,12.1,0.0,3.4,6.2,62.6,0,0,0,0
2026-03-25,11.8,0.8,1.7,3.4,70.4,11.0,0.0,1.5,3.2,70.4,10.4,1.9,2.6,5.5,74.9,11.8,5.4,1.9,4.0,73.0,0,0,0,0
2026-03-26,13.2,0.8,1.9,5.2,67.9,12.5,0.0,1.6,4.4,65.9,7.6,1.9,2.3,4.4,85.8,13.6,5.4,2.8,7.0,57.9,0,0,0,0
2026-03-27,16.2,0.8,2.4,5.3,45.1,15.4,0.0,1.7,3.5,49.6,8.5,1.9,2.0,3.9,84.3,15.9,5.4,3.9,8.6,41.0,0,0,0,0
2026-03-28,15.1,0.8,2.9,6.5,57.1,12.9,0.0,2.5,4.8,61.9,7.6,1.9,2.0,3.7,80.0,15.4,5.4,3.0,7.8,49.4,0,0,0,0
2026-03-29,14.0,0.8,1.8,3.7,73.0,12.9,0.0,1.7,3.6,76.8,10.6,1.9,1.8,4.8,58.1,13.8,5.4,2.2,4.0,77.4,0,0,0,0
2026-03-30,14.2,22.6,2.1,5.1,77.1,13.2,14.9,1.4,3.4,77.4,13.4,2.2,1.8,4.4,54.1,12.4,25.3,4.8,11.1,86.0,0,0,0,0
2026-03-31,13.5,9.9,3.2,5.7,74.0,11.6,18.6,3.3,6.7,81.9,13.1,6.7,2.6,6.2,73.5,14.1,0.7,3.5,10.4,76.1,0,0,0,0
2026-04-01,13.1,1.3,1.8,3.4,74.9,11.8,0.9,1.3,3.3,82.1,10.6,6.7,2.2,4.6,72.8,13.0,0.0,2.5,8.4,73.9,0,0,0,0
2026-04-02,14.8,0.0,3.3,7.0,50.4,13.8,0.0,2.1,4.7,54.3,9.0,6.7,3.0,5.0,75.4,14.8,0.0,5.6,10.0,38.9,0,0,0,0
2026-04-03,15.9,1.4,3.0,6.2,52.1,15.5,0.7,2.3,4.7,43.6,12.5,6.7,2.3,4.5,68.6,14.1,3.1,2.0,4.5,68.0,0,0,0,0
2026-04-04,14.9,61.5,3.5,11.1,85.0,13.7,44.4,2.2,5.5,92.3,12.1,0.1,3.5,6.0,70.5,14.4,67.2,5.2,10.5,80.6,1,0,0,1
2026-04-05,13.8,61.5,3.8,7.9,66.3,13.4,44.4,2.2,4.2,71.4,9.0,4.2,2.9,5.4,72.9,11.4,67.2,4.8,7.7,68.0,1,0,0,1
2026-04-06,15.0,0.3,4.5,9.7,78.8,13.9,2.2,2.3,5.9,75.4,9.5,0.8,2.9,6.5,65.9,14.5,67.2,3.1,8.6,79.3,0,0,0,1
2026-04-07,12.2,0.3,3.2,6.1,26.9,10.1,2.2,2.5,6.0,25.1,7.6,0.8,3.4,6.9,52.0,11.7,67.2,3.8,10.5,28.9,0,0,0,1
2026-04-08,12.6,0.3,3.5,7.0,45.5,11.8,2.2,2.6,5.2,40.0,8.8,0.8,2.0,4.3,61.9,10.7,67.2,2.4,9.2,48.6,0,0,0,1
2026-04-09,14.1,53.7,4.4,9.1,87.0,13.1,16.3,2.9,6.4,82.5,10.9,16.2,3.0,6.1,82.0,13.6,66.5,4.3,10.2,91.6,1,0,0,1
2026-04-10,17.7,0.0,6.9,13.1,70.4,18.9,16.3,3.2,5.2,63.8,9.1,4.6,4.8,8.0,96.4,14.4,0.8,7.1,12.0,77.6,0,0,0,0
2026-04-11,15.7,0.0,3.5,6.9,58.3,16.9,16.3,2.4,5.0,46.9,8.6,0.0,2.5,4.7,91.6,14.9,0.8,4.6,10.6,65.3,0,0,0,0
2026-04-12,17.0,0.0,2.3,4.2,45.9,15.4,16.3,1.6,3.3,42.1,11.9,0.0,1.8,4.4,64.5,15.5,0.0,1.8,5.2,56.0,0,0,0,0
2026-04-13,18.5,0.0,2.8,6.1,45.6,17.1,16.3,2.7,6.5,50.5,16.0,0.0,1.7,3.4,51.6,16.7,0.3,1.9,4.3,56.3,0,0,0,0
2026-04-14,16.0,0.1,2.8,4.4,60.5,14.0,0.0,2.3,4.0,71.9,18.0,0.0,2.0,3.4,49.0,16.0,0.0,2.0,5.7,63.9,0,0,0,0
2026-04-15,16.5,0.1,2.7,4.4,56.3,15.4,0.0,2.5,4.3,62.4,16.2,0.0,2.1,4.4,59.1,16.4,0.0,2.3,4.5,60.1,0,0,0,0
2026-04-16,15.3,0.1,3.5,5.1,50.6,13.6,0.0,3.3,6.1,57.4,18.7,0.0,2.6,4.6,45.5,16.3,0.0,4.0,8.0,48.0,0,0,0,0
2026-04-17,15.0,7.7,1.8,4.7,78.1,13.8,9.7,1.2,2.5,81.1,14.2,0.0,2.5,4.7,71.1,13.4,16.6,4.4,7.7,78.5,0,0,0,0
2026-04-18,17.7,3.0,2.0,5.1,83.0,16.7,5.5,1.4,2.9,86.3,16.1,0.0,1.7,4.3,68.6,16.1,10.3,3.6,7.8,87.0,0,0,0,0
2026-04-19,19.3,3.0,2.1,5.0,72.8,17.7,5.5,1.4,4.1,78.4,17.4,0.0,2.0,4.8,66.3,17.9,0.0,2.2,4.5,77.9,0,0,0,0
2026-04-20,18.4,3.0,3.0,7.7,67.1,17.4,0.0,2.0,7.2,70.5,11.6,0.0,3.5,6.9,71.9,16.1,0.0,4.8,12.1,70.4,0,0,0,0
2026-04-21,15.6,3.0,3.6,7.4,30.0,15.5,0.0,2.9,7.7,29.6,10.6,0.0,3.1,5.9,68.0,13.3,0.0,3.3,13.9,42.4,0,0,0,0
2026-04-22,15.6,1.3,1.6,5.4,51.8,15.5,0.0,1.4,3.9,43.4,13.2,0.0,2.2,5.3,50.5,13.8,1.1,2.7,6.6,60.9,0,0,0,0
2026-04-23,14.6,1.5,3.3,7.2,67.4,14.0,0.0,3.2,6.0,60.4,16.6,0.0,3.0,5.8,41.4,15.9,0.8,3.9,7.4,52.4,0,0,0,0
2026-04-24,15.0,1.5,3.1,4.6,51.9,13.0,0.0,2.8,5.6,61.0,16.9,0.0,2.0,4.0,33.9,15.5,0.8,3.1,7.0,42.6,0,0,0,0
2026-04-25,17.2,1.5,2.4,4.1,43.6,15.4,0.0,1.5,3.6,51.8,16.2,0.0,2.1,4.1,52.6,16.7,0.8,2.1,5.3,49.4,0,0,0,0
2026-04-26,17.7,1.5,1.9,5.9,54.3,16.3,0.0,1.2,3.2,69.4,16.0,0.0,1.8,4.1,47.3,16.8,0.8,2.2,5.0,67.6,0,0,0,0
2026-04-27,19.2,1.5,3.0,7.1,54.6,17.6,0.0,2.3,4.9,57.8,13.9,2.3,2.5,6.7,63.4,17.8,0.8,3.0,6.4,55.4,0,0,0,0
2026-04-28,17.6,1.5,4.1,7.3,59.8,16.8,0.0,2.2,5.0,59.4,12.5,2.3,3.2,5.3,74.0,16.6,0.8,5.0,9.7,47.6,0,0,0,0
2026-04-29,14.9,1.5,2.2,5.0,65.6,13.4,0.0,1.7,3.8,69.1,13.6,2.3,2.4,5.9,64.1,14.6,0.0,2.8,10.5,49.9,0,0,0,0
2026-04-30,14.9,4.3,2.1,4.6,74.1,13.6,1.1,1.6,4.3,77.0,15.6,0.0,2.1,4.5,54.0,14.9,0.3,3.1,8.7,68.6,0,0,0,0
2026-05-01,15.5,7.6,3.4,6.6,65.5,15.5,7.2,2.2,4.8,57.0,15.6,0.0,3.4,7.1,55.9,17.3,0.0,5.6,10.4,38.9,0,0,0,0
2026-05-02,18.0,7.6,2.9,6.4,52.3,19.7,0.0,2.0,5.2,42.5,15.3,0.6,2.5,5.3,77.1,17.3,0.0,3.8,8.2,58.3,0,0,0,0
2026-05-03,14.8,23.6,3.5,8.8,87.1,14.3,19.4,1.3,4.2,85.5,12.5,8.7,2.5,5.5,90.5,14.1,21.9,3.8,9.5,85.5,0,0,0,0
2026-05-04,16.4,23.6,4.3,12.3,46.1,14.6,19.4,3.1,7.8,55.6,13.7,0.0,3.7,6.9,63.3,15.3,21.9,5.6,10.0,44.9,0,0,0,0
2026-05-05,16.1,23.6,3.4,7.1,47.6,15.2,19.4,2.2,6.0,53.4,14.0,0.0,2.6,4.7,60.0,14.6,21.9,2.7,6.8,54.1,0,0,0,0
2026-05-06,17.0,23.6,4.4,7.8,63.4,16.4,19.4,1.5,3.3,61.4,16.6,0.0,2.8,5.7,56.6,16.4,21.9,2.9,5.6,68.4,0,0,0,0
2026-05-07,18.9,23.6,5.2,7.9,63.1,19.3,19.4,2.4,6.2,51.6,14.6,4.0,3.0,5.6,80.8,17.5,21.9,3.5,8.8,74.1,0,0,0,0
2026-05-08,18.8,0.0,3.3,6.4,36.5,17.2,0.0,3.3,6.9,40.0,15.4,4.0,3.7,7.6,53.0,17.3,0.0,6.8,12.6,35.8,0,0,0,0
2026-05-09,16.8,0.0,2.9,7.9,45.9,15.5,0.0,1.6,3.5,51.3,15.5,4.0,2.0,4.2,50.3,15.9,0.0,3.4,7.1,43.8,0,0,0,0
2026-05-10,17.2,0.0,3.1,6.3,51.1,17.5,0.0,1.4,3.6,45.1,16.3,4.0,2.4,4.4,49.1,16.7,0.0,2.3,5.1,62.9,0,0,0,0
2026-05-11,19.1,0.0,4.2,8.0,69.4,19.2,0.0,2.4,5.6,55.5,16.3,6.2,2.3,5.3,82.9,18.7,0.0,3.1,6.4,74.4,0,0,0,0
2026-05-12,17.7,0.4,2.9,6.8,81.5,18.3,5.7,1.6,6.0,72.9,18.3,1.8,1.8,3.7,79.9,16.4,50.0,2.3,9.8,91.0,0,0,0,1
2026-05-13,18.6,0.4,2.4,5.2,71.4,18.1,5.7,1.2,3.3,68.9,17.7,1.8,1.7,3.9,78.3,18.3,50.0,2.0,3.6,81.0,0,0,0,1
2026-05-14,19.7,0.4,2.7,5.4,68.4,18.2,5.7,2.1,5.2,75.6,21.1,1.8,1.9,4.9,68.5,19.2,50.0,1.9,5.5,74.8,0,0,0,1
2026-05-15,19.7,0.4,2.3,4.7,60.5,19.0,5.7,1.5,3.7,62.5,21.6,1.8,2.0,4.4,61.1,19.2,50.0,2.8,7.0,70.3,0,0,0,1
2026-05-16,20.5,0.4,2.0,5.2,46.4,20.9,5.7,1.1,2.8,48.4,20.7,1.8,2.0,4.5,63.5,20.3,50.0,2.4,5.3,61.3,0,0,0,1
2026-05-17,21.7,0.4,2.3,4.5,58.9,23.9,5.7,1.3,3.2,44.6,20.5,1.8,1.9,4.0,59.5,21.7,50.0,1.7,3.4,62.5,0,0,0,1
2026-05-18,21.4,0.4,2.7,6.0,59.6,22.8,5.7,1.4,4.5,43.8,21.8,1.8,1.8,4.4,52.1,21.4,50.0,2.3,4.3,58.8,0,0,0,1
2026-05-19,22.6,0.0,2.6,5.9,53.0,23.1,5.7,1.5,3.6,46.3,21.7,0.0,2.1,4.5,55.8,20.3,1.5,1.8,3.9,74.5,0,0,0,0
2026-05-20,17.4,27.9,3.0,5.5,89.6,15.9,34.3,2.0,3.6,91.5,17.1,56.0,3.2,5.3,88.1,17.3,124.0,4.8,8.5,97.1,0,0,1,1
2026-05-21,17.6,15.2,1.8,3.0,89.1,17.0,6.9,1.4,3.3,91.1,17.4,5.9,2.9,5.6,88.6,19.2,26.4,3.4,6.9,86.0,0,0,0,0
2026-05-22,18.6,15.2,3.0,5.0,71.4,16.9,0.3,2.8,5.3,76.3,20.6,5.9,2.3,4.4,58.5,18.5,26.4,3.5,6.3,77.6,0,0,0,0
2026-05-23,18.2,0.0,2.5,4.3,74.0,16.1,0.1,1.6,2.9,82.5,19.0,0.1,2.3,4.6,65.8,18.2,0.0,3.5,7.6,75.8,0,0,0,0
2026-05-24,19.4,0.0,2.4,3.7,70.6,18.2,0.1,1.3,3.3,74.8,21.1,0.1,1.8,4.0,69.3,19.5,0.0,2.3,6.7,78.8,0,0,0,0
2026-05-25,22.8,0.0,1.9,3.3,74.6,21.7,0.1,1.2,3.2,76.1,23.6,0.1,1.9,3.9,71.8,22.4,0.0,2.5,5.2,79.1,0,0,0,0
2026-05-26,22.5,21.1,2.3,3.6,80.0,22.1,1.1,1.5,3.2,78.6,24.2,11.4,1.7,4.6,82.1,21.6,33.6,3.6,9.4,84.4,0,0,0,0
2026-05-27,20.4,14.4,2.9,4.3,90.4,19.2,12.5,1.8,3.5,94.5,22.0,4.3,2.4,4.5,86.9,20.9,9.7,5.6,9.2,91.9,0,0,0,0
2026-05-28,22.5,14.4,2.6,5.4,77.9,22.5,0.0,1.5,3.9,74.1,19.1,1.9,2.4,5.0,93.3,23.1,9.7,4.2,8.3,79.0,0,0,0,0
2026-05-29,22.0,14.4,2.7,5.8,60.0,21.2,0.0,2.2,4.3,62.8,19.6,1.9,2.5,4.7,80.8,21.7,9.7,4.0,9.2,65.9,0,0,0,0
2026-05-30,23.7,14.4,2.9,6.2,55.8,23.9,0.0,1.8,3.9,43.5,20.0,1.9,2.6,5.0,75.4,23.3,9.7,3.0,6.9,49.5,0,0,0,0
2026-05-31,25.1,14.4,2.7,5.9,46.8,24.6,0.0,1.4,2.7,42.8,22.8,1.9,1.8,4.0,58.8,23.8,9.7,1.5,3.3,54.6,0,0,0,0
2026-06-01,23.4,0.7,2.7,6.3,62.5,22.6,0.0,1.5,5.5,63.0,21.7,1.9,1.7,4.3,61.9,22.4,8.1,1.9,5.2,71.4,0,0,0,0
2026-06-02,20.6,21.9,2.4,4.5,91.0,20.2,14.0,1.7,4.3,91.3,24.1,1.9,2.1,3.9,66.5,21.0,74.7,4.3,9.6,86.8,0,0,0,1
2026-06-03,22.8,21.9,2.2,5.1,78.6,22.2,14.0,1.7,3.6,80.0,23.8,1.9,1.9,4.3,72.3,22.4,74.7,1.9,4.9,81.4,0,0,0,0
2026-06-04,21.8,0.0,1.9,4.4,80.8,21.7,14.0,1.3,3.2,77.9,21.7,0.9,2.8,7.9,84.5,21.5,0.0,2.7,4.6,85.5,0,0,0,0
2026-06-05,24.1,0.0,3.1,7.1,54.6,22.5,14.0,1.8,4.4,53.9,19.4,0.9,3.0,6.6,72.3,22.9,0.0,4.8,9.5,53.3,0,0,0,0
2026-06-06,24.1,0.0,3.1,5.7,54.6,22.5,14.0,1.8,6.6,53.9,19.4,0.9,3.0,3.7,72.3,22.9,0.0,4.8,7.1,53.3,0,0,0,0
